Node,Betweenness Centrality
schfess,483501.49986831285
sbmptnfess,260140.3526004957
subschfess,248605.16731917378
zenius_oliv,134208.9888796533
hopefullyperf,101940.43714389665
utbkfess,64103.409169760045
sabdaps,60762.33306974875
byunpov,57172.04967710344
bertanyarl,55184.86386356124
convomf,42055.35634154388
jejejesiee_,34452.83246747753
amsterdamlaf,33082.98797362637
zenbyzaa,29787.029277884758
ftievi,26901.435118382917
zenambis,26876.694398851985
msputraaz,24860.513888888887
ambisfs,20555.742651284876
keyystudies,16830.34353478334
yungnikiii,16605.077761272387
helloyoon4,14960.448953060884
vickyutami2,14675.469951138737
gapyearfess,14597.240941388656
zeeuze,13904.000000000002
fyoduor,12741.083795686756
sharon_zenius,12734.425934213701
zen_kakyuni,12692.0
matchamaeleon,12148.478067413296
azijik,11408.0
imkhsnh,11271.745997660479
mitrabelajarmu,11193.137441665966
smkfess,10368.53389430258
lightfu17,9087.914954839669
piwchicks,8882.0
sedikidnormal,8787.508454491683
pfmmipy,8192.295750559848
panggilajazul,7639.830320856766
akutaurifky,7614.0
jesstjakep,7613.999999999999
aurellovee,7162.926449635019
cimycatha,7101.583768567752
suckcietyy,7039.916292406631
canwehvebutter,6995.519704852675
1975nk,6949.736994152884
madamemoisse,6920.295750559837
quip_zenshare,6675.400526476371
zeniusambis,6639.166017316021
anazureine,6375.425934213731
nevermindeuz,6375.425934213731
bljr30mnit1hari,6375.425934213731
lizzypeachyy,6375.425934213731
newhopekila,6375.425934213731
rigelarion,6375.425934213731
rapinzeul,6375.425934213731
txtapaadanya,6359.999999999999
englishfess_,6358.999999999999
luvinfaisy,6356.0
audorebel,6077.136234660488
bothroses,5972.544406038507
glamoroustudy,5793.484554720202
badp3ople,5649.2957505598315
yantoyamazaki,5649.29575055983
tetsuuuuuw,5335.742245578478
taeexyz,5254.283293001091
ambverss,5090.0
itzjaraaa,5090.0
nanas_malas,5084.0
2022camaba,5083.999999999999
halusinasiberat,5083.999999999999
mystruggle___,4911.553165367243
lkwrdh_,4781.451838270489
ssophrosynee,4233.007974453136
pasukanambis,4148.635210841457
whentheweather,4072.9401104113167
gustity1,3947.918008307109
student_fess,3875.8748922380255
askrlfess,3819.0
syifakyung,3819.0
namaewanaori,3819.0
prkdlx,3819.0
preciousjh17,3819.0
bucincimolll,3819.0
collegemenfess,3819.0
shourtcakee,3819.0
asdfghjklhftt,3819.0
uburuburuu,3818.999999999999
vazlae,3112.611111111111
potongannf,3102.2957505598265
sahrra00,3102.2957505598265
illusionnary,3102.2957505598265
princes54798837,3102.2957505598265
cleyopatttra,3102.2957505598265
sss_aeri,3102.2957505598265
vasyaksm,3102.2957505598265
aresvvv,3102.2957505598265
rillakuman,3102.2957505598265
junepiyaw,3102.2957505598265
khalifakinayaa1,3097.873090287301
memeykarta,3054.416231432297
atomhidrogen1,3005.563676114858
dinowin_,2973.6448412698423
nowsantuy,2756.5
gyuravity,2703.0328084426733
semangattbljr22,2547.0000000000005
jualanmurcee,2547.0000000000005
itsmechelllllll,2547.0
user0014297,2547.0
sygfess,2547.0
ambisstudd,2547.0
ahdwik__,2547.0
awcitrun,2546.9999999999995
zeniusssss,2546.9999999999995
lagihbelajar,2546.9999999999995
studstudiee,2546.9999999999995
tsavahna,2546.0000000000005
echanensiti22,2546.0
scndofwil,2546.0
twutwah,2546.0
meyskezz,2545.9999999999995
diveinkyoto,2545.9999999999995
goenawan_dedi,1932.0857809938675
lovemaze52,1844.8329032287072
dreamnforward,1810.6921595770177
chiayouu,1759.4534351519062
kdoydoyi,1549.2243044131408
okeuy12,1452.9196610312806
polkacoma,1310.0833333333333
hiyifa,1291.6980753968198
sweettaeev,1291.6980753968191
rabiebz,1274.0000000000002
classimoon,1274.0000000000002
hotiecutiee,1274.0000000000002
ehapayabingung,1274.0000000000002
silverqueern,1274.0000000000002
rachelamnd14,1274.0000000000002
jihanbelva,1274.0000000000002
mowgyli,1274.0000000000002
ambisss1,1274.0000000000002
satpam_kmplk,1274.0000000000002
privateboba,1274.0000000000002
ursaturnss,1274.0000000000002
vermmouht,1274.0000000000002
lawcobaambis,1274.0000000000002
studywithsa,1274.0000000000002
skamletoy,1274.0
7orupiah,1274.0
cuwprint,1274.0
ofeverythingg,1274.0
mariambisptkn,1274.0
sorrelsoup__,1274.0
toralanguru,1274.0
ayangiesicheng,1274.0
mhelmyahya,1274.0
skiesonyou,1274.0
ttlindonesia,1274.0
maublajar,1274.0
historiye,1274.0
urielflames,1274.0
troismotsvides,1274.0
evanescenzt,1274.0
maisyaphnn,1274.0
moothyea,1274.0
haechii_fullsun,1274.0
richw0mann,1274.0
pecintalatte__,1274.0
1r481n,1274.0
estehpanasding1,1274.0
diterimafkui,1274.0
giornogiiovanna,1274.0
aliyyonggs,1274.0
_lunar25_,1274.0
__ther3sa,1274.0
hjsl0ve,1274.0
andrigunardiii,1274.0
chemicalphobyc,1274.0
nashiayamgeprek,1274.0
gaaragtng,1274.0
lilsunschenle,1274.0
maillov_,1273.9999999999998
therebahan,1273.9999999999998
ciaooo000,1273.9999999999998
hilycious,1273.9999999999998
lmansa3,1273.9999999999998
studyayle,1273.9999999999998
yellingoutt,1273.9999999999998
letskol,1273.9999999999998
yukbisasemangat,1273.9999999999998
homerunballcola,1273.9999999999998
yyours_s,1273.9999999999998
s_rhizaa,1273.9999999999998
chelsstudy,1273.9999999999998
jennstudy,1273.9999999999998
junggjaejhyun,1273.9999999999998
roeversinceny,1273.9999999999998
alonevrydy,1273.9999999999998
bnauree,1235.9176231162635
hujkwqe83dja,1186.5992673992705
browniefluffy,1047.1712340231202
clorophhyl,636.5000000000001
notge0n,636.5000000000001
blackmantaaa,636.5
sstrnice,636.5
acciostoreofc,561.2321428571424
nelvaaze,549.4995647656463
vitamiiinc_,524.3817697074743
chewmist,477.9444444444444
gabysatidur,461.70189739737367
plstmnrljgnnemu,457.20621972494354
mbisambis,456.29172429159917
asyaralanyar,424.0536251784905
imgoingsollolo,222.26126438920537
sonofthesunnnn,209.5
querencieaj,195.5
almondmilkies,111.0
matchaawa,68.58652777777765
tingkiwingki21,66.09223692026158
acahikun,55.928084994771154
bapakdomba,45.8626843094716
vkfluffy,34.32908032973798
vminenths,28.733674141949866
atypicali,18.0
cittairlanie,15.0
dekapanfiksii,15.0
ambisssaaa,10.0
azaleyyaa,9.0
itscammila,8.0
studyfess,7.0
jeromepolin,6.0
billah_bambu,6.0
jpfbase,6.0
r4bbiiit,6.0
stanmenfess,6.0
pshstudy,6.0
jaemcityx,6.0
jenoactrus,6.0
txtdariharsa,5.0
purplishdaisy,5.0
ontinyawagyu,5.0
n00teskuas,5.0
boutjinan,4.0
tubirfess,4.0
funnytummy_,4.0
jie_noona15,4.0
reikqmiya,4.0
lyuvjigguk,3.0
ljystudz,3.0
convomfs,3.0
mezmaraised,3.0
potatoesavire,3.0
schcampus,3.0
studysyx,3.0
hijiheon,3.0
sszvize,3.0
nasculfadhil,3.0
koyuudayo,3.0
forfuture06,3.0
lisambis,3.0
angelyxc1,3.0
cursedkidd,3.0
cerephaka,3.0
d1nosauruss,3.0
pemudalusi,3.0
ssefnum,3.0
noodlezzzip,3.0
taebearys,3.0
subeeobin,2.0
ancoraimparo___,2.0
pdkxbxj,2.0
nurhidazenius,2.0
qheejin,1.0
edukasystem,1.0
selpiaap,1.0
moonareas,1.0
pxercys,1.0
sangjaei,1.0
replayrepliy,1.0
lunerpw,1.0
studyyarea,1.0
doyrencute,1.0
httpsvanes,1.0
sadgurlzzz11,1.0
eunheeberries,1.0
stilltryingplss,1.0
wonpilmart,1.0
raeambisbesok,1.0
joonnyoung,1.0
puttrrrri,1.0
pinkeuza,1.0
zenimaoya,1.0
lovlyxmg,1.0
centacea,1.0
aulion,1.0
soonkissad,1.0
waytogoals,1.0
obsidiaine,1.0
mybalwoon,1.0
aguskusuma110,1.0
alvinbaj,1.0
marktermeloo_n,1.0
adelaydens,1.0
mbakjenniekim,1.0
raraakunambis,1.0
milkeurii,1.0
plsidunnowhoim,1.0
friedricelogy,1.0
adhipramonooo,1.0
zh0ngchn,1.0
hwangghinaa,1.0
taekyootie,1.0
oreocuros,1.0
nyawmiazks_,1.0
jaeminstudy,1.0
nrlsaes,1.0
men4ng1s,1.0
ddeongwush,1.0
flyfromhell,1.0
maujadicrushmu,1.0
mccnphase,1.0
muthxzsh_,1.0
saikaawa,1.0
thepurpletshirt,1.0
studywystar,1.0
alloeverea,1.0
olivehateem_,1.0
sbyfess,1.0
noobychild,1.0
numdeysix,1.0
shovwl,1.0
yoshaurs,1.0
bang_garr,1.0
1204s0s,1.0
themposition,1.0
nafastudy,1.0
cokelataro,0.5
rifaa_fitria,0.5
hali_halaa,0.0
aimamamia,0.0
dainchou,0.0
adoremiyas,0.0
dontfhanique,0.0
abcdreaam,0.0
abhin54112978,0.0
adyiaar,0.0
aeranaa,0.0
aestheshal,0.0
fagyumi,0.0
afnesfisnanda3,0.0
afprodit,0.0
hhhhhaikamu,0.0
devnur99,0.0
ahmadhafidzs,0.0
dark_sky_walker,0.0
ibubaubiskuit,0.0
ailuvmaself_,0.0
agismaulana_,0.0
imcookiess,0.0
cipuyh,0.0
agracelly,0.0
agungstyngrh,0.0
anakibubapak2,0.0
wicaksanaas,0.0
adoracale,0.0
parisuburbs,0.0
adindakyuti,0.0
believinmine,0.0
bestjpboy,0.0
berusahangambis,0.0
vithzee,0.0
berprosess_,0.0
ddowoonssi,0.0
beolkucing,0.0
itsmekirena,0.0
shlghtsun,0.0
belajarkui,0.0
belajarhey,0.0
belajardong_,0.0
bekasisupremacy,0.0
titiswell,0.0
begatdang,0.0
biancallysta_,0.0
bibblefly,0.0
adindadinduy,0.0
achmadfajar_p,0.0
adeoxxtxs,0.0
abccccika,0.0
addicttophysics,0.0
adaicaa,0.0
berjualanfess,0.0
adaajeyekan,0.0
nuhisiryi,0.0
jaewkids,0.0
accioiiviaa,0.0
abilambis,0.0
angkel_mutu,0.0
aniesbaswaras,0.0
anightthinker_,0.0
baekhyvna,0.0
abcdefglsya,0.0
hjwntbe4,0.0
chzyfrap,0.0
ambistidurr,0.0
jisoooap,0.0
devliaon,0.0
chanshuh,0.0
ambizeee,0.0
http4le,0.0
ambitiounman,0.0
cluvdiigirl,0.0
hallaaah,0.0
cherrykook16,0.0
ambispgnfk,0.0
ajelyabavissa,0.0
yoripioangln_,0.0
aj3_n0,0.0
errichoco,0.0
likamarkeu,0.0
amersyu_,0.0
17o74,0.0
andez_c_f,0.0
ambisliciouss,0.0
humancarrot_,0.0
anggitarchive,0.0
momonih,0.0
fk22amin,0.0
andikaprayogo17,0.0
partaisocmed,0.0
amortenntia,0.0
annisahumairap,0.0
stekzzkzkzk,0.0
anamambis22,0.0
remostra,0.0
amourksw,0.0
h9o3n,0.0
aishksoodo,0.0
ddaekhyunsooxz,0.0
aiseeeya,0.0
24sheesh,0.0
__virago__,0.0
namseinugu,0.0
____meenn,0.0
97washere,0.0
90schan_,0.0
8ccola,0.0
ssaegt,0.0
aamiinpsikologi,0.0
2022akpol,0.0
bilasukabelajar,0.0
2021jdmaba,0.0
1navihd,0.0
1999chyunsuk,0.0
beetchytrinity,0.0
malecca,0.0
_am4x_,0.0
aufambis,0.0
_clarastorm_,0.0
_dxlsd,0.0
knjsbrain,0.0
_karashaa,0.0
curlytaetae,0.0
purpleuvy,0.0
goldenmilestone,0.0
_nocturnalism,0.0
_nrlailaarh,0.0
_scenerys,0.0
hikmamen,0.0
_sellaturcica_,0.0
aagoyoga,0.0
willbeokay22,0.0
zenutella,0.0
beautiesoull,0.0
rasberia,0.0
anthophiile,0.0
apfytn,0.0
apalo_cari2gw,0.0
aourly,0.0
lecbah,0.0
anyasllbenar,0.0
anyaacube,0.0
avoucadoei,0.0
kimdokjaist,0.0
audiiiee,0.0
ayayayanaon,0.0
duniadatar,0.0
aracarbonaraa,0.0
backtomeyay,0.0
babigurlsss,0.0
apriliaekadmynt,0.0
archiena_,0.0
asliceofcheese2,0.0
arshjch,0.0
xpapermint,0.0
loosealive,0.0
icecreamm_21,0.0
artlerto,0.0
soumetsuu,0.0
arsyubvs,0.0
arrazirafi,0.0
archiv8ste,0.0
arnggives,0.0
aishaviadini,0.0
arloaddict,0.0
arkxnk,0.0
miniematrix,0.0
saramadhan,0.0
sayaadatugas,0.0
b1ntang0rion,0.0
b0kepindo,0.0
rxxras,0.0
alehaleeee,0.0
avarialeh,0.0
mikacaackerman,0.0
auliasa44996530,0.0
fancykiddos,0.0
lveajpark,0.0
cutiebrowniee,0.0
azwastuds,0.0
jqblay,0.0
isnturfauit,0.0
pattraonite,0.0
mseoia,0.0
jollymarkjaem,0.0
kinderrry,0.0
hineptunus,0.0
vrdhmrh,0.0
awesomekyung4,0.0
monobuns,0.0
awjaybcutie,0.0
awngantukbanget,0.0
studybooster1,0.0
awrllll,0.0
ayamras,0.0
__moonglade,0.0
raluey,0.0
ayosmgtt,0.0
kontoreuu,0.0
ayukawaifu,0.0
ayyaafyu,0.0
azibiasaaja,0.0
ulinnastudycrnr,0.0
asheillette,0.0
koebisik,0.0
bebasdaritmnrl,0.0
biiruuuuu,0.0
balsemgoreng,0.0
baestudyy,0.0
flummfox,0.0
bibigohoonie,0.0
bigwinnkuy,0.0
ezclipzieee,0.0
blueshintarou,0.0
bamtory2,0.0
sunnshinw,0.0
bocilbodo,0.0
bobll_,0.0
bobarlgrs,0.0
bnxamilkoo,0.0
cestlacherie,0.0
akukarmaloh,0.0
banannauyu,0.0
astheroidss,0.0
jihyeongsanim,0.0
hmzhfzn,0.0
bealajar,0.0
felstudypage,0.0
bcsyoucan,0.0
bbstrawberry25,0.0
bbangmintonn,0.0
bataraputra02,0.0
aammmmaarrrr,0.0
bas0goreng,0.0
banqkrut,0.0
bangtanlves,0.0
taekooksmochie,0.0
bandottp,0.0
banaspatidingin,0.0
inianissaa,0.0
jenoseno,0.0
blxndthematcha,0.0
baekieexohyun77,0.0
biskuitimtam,0.0
zenius14,0.0
biokatalis,0.0
himmelunderde_,0.0
bintanngggaja,0.0
xcreddkanaartha,0.0
__wulwiddd,0.0
winterpocas,0.0
baealiel,0.0
anisa01248323,0.0
natadekopok_,0.0
97sthinqs,0.0
atlantijs,0.0
asvsrvcrz,0.0
bismillahbisaye,0.0
biyeldaily,0.0
bjyxxxxx20,0.0
navaaaa_aa,0.0
rnalsr,0.0
blacksweetieezz,0.0
blucchis,0.0
blueewyy,0.0
mabauiaamiin,0.0
billie__sky,0.0
bluelowsh,0.0
honeylitdafire,0.0
blueyezyz,0.0
bluonyourm_,0.0
suckspears,0.0
bluveriz,0.0
bluwberiy,0.0
bocilmakji,0.0
rifainthebuild1,0.0
ambiskuu,0.0
egkjlsinisp,0.0
ekonomiui,0.0
ekaltfinurazizh,0.0
cottonwools,0.0
ekacans__,0.0
eiydenist,0.0
eileithsia,0.0
eduteaa,0.0
legendaryarrow1,0.0
future__medstud,0.0
econoona,0.0
economixyz,0.0
echonomically,0.0
xjzee_,0.0
echan_dongsaeng,0.0
elaboarte,0.0
eleanor_park7,0.0
dzuldarojah80,0.0
scaryxxna,0.0
caandyyliciouss,0.0
byunsofttea,0.0
pcrnysarigandum,0.0
wwirlddst,0.0
voriiel,0.0
starrjee,0.0
reginastnteh,0.0
midosalsapfm_,0.0
lyoura04,0.0
crackyclouds,0.0
creamycinz,0.0
hajimaaaaaaah,0.0
fangrun1ns,0.0
elrasr,0.0
e_markeu,0.0
hxxwlmes,0.0
exactlyexact,0.0
fairynayaa,0.0
fajriea_,0.0
aaaaaaaaaa0022,0.0
fajarsuryadew,0.0
mofaisalakbar,0.0
faitinggg,0.0
fairyssom,0.0
fairyluvie,0.0
creepersteve13,0.0
xxswr_,0.0
fadilajadeh_,0.0
mikeymantji,0.0
fadeleesss,0.0
itssayeshaa_,0.0
fadelabdh_,0.0
embunpagikinant,0.0
elysianbounds,0.0
dwiarts,0.0
duaperdua,0.0
dwiarti22,0.0
dwianjanihast,0.0
elisabetguwanto,0.0
dukunsanted,0.0
dudududuruddudu,0.0
duckvies,0.0
nesruneos,0.0
elprofessorr_,0.0
dsweetpromises,0.0
drugity_,0.0
drowneast,0.0
serotoniyn,0.0
drimzie,0.0
ryvjinswag,0.0
luccretia,0.0
elleriour,0.0
cactuls,0.0
bungatidurrr,0.0
perkdels,0.0
billstudyy,0.0
alverailee,0.0
byeohlogee_,0.0
burlywoodie,0.0
ocxtober,0.0
bungaaftr,0.0
gummst,0.0
bumbushashaa,0.0
sunceaura,0.0
bumbubucin,0.0
bukanjinqorin,0.0
bukan_siapa2moo,0.0
budimanyuman,0.0
cwangtip33,0.0
catsenja,0.0
caffeinewin,0.0
clarvrisa,0.0
jonelis__,0.0
sundaeefundaee,0.0
clevereonjwin,0.0
cleolearn,0.0
claudeloey,0.0
geulisgurl,0.0
cjreamy,0.0
catyow,0.0
lalaloveyy__,0.0
citacitatercpai,0.0
cipastuds,0.0
cingkiya,0.0
ccermide,0.0
cccloudyjeon,0.0
simulasiku_id,0.0
budikur87744640,0.0
bucinsungjin_,0.0
camabaugm22,0.0
kiciwsaurus,0.0
cactusoi,0.0
canrelatte,0.0
canisminorids,0.0
canduslowmotion,0.0
camillaallif,0.0
calonmaba111,0.0
anak___gembala,0.0
callmettaaa,0.0
siifkkmk,0.0
callmeoty,0.0
taulusgerl,0.0
callmekelee,0.0
cal0npacarmuuu,0.0
syadnyl,0.0
coeursea,0.0
borjuisociety,0.0
choerrybombs2,0.0
bosriyan,0.0
dygnit,0.0
boutfairy,0.0
reginallegra,0.0
waferasahoy,0.0
yeyyzwiee,0.0
brrr0110,0.0
btcshsopps,0.0
bubleteah,0.0
akueflin,0.0
buburbayiracer,0.0
liaambis_xx,0.0
buciinbelajar,0.0
faazaaxx,0.0
teresa_katarina,0.0
ambisbesok,0.0
detavyx,0.0
dindumps,0.0
dimdamzz,0.0
didodiei,0.0
dhownzy,0.0
dhiapakeh,0.0
dewiles40958597,0.0
destiactrr,0.0
dini82661,0.0
boncabeteri,0.0
bolpoinw,0.0
bocilnihbos,0.0
ambisfebui2022,0.0
ambiezallday,0.0
amazinkkkppl,0.0
dinginluplup,0.0
dipmintae,0.0
am0licano,0.0
mabngo,0.0
rintdou,0.0
doounnn_,0.0
dooty1016,0.0
doodidaa,0.0
djx_dejuna,0.0
djunaxxy,0.0
divlagibelajar,0.0
deskiafp,0.0
rarambis,0.0
iyoureyestell,0.0
minewithmine,0.0
ditakim_,0.0
diritwit,0.0
moonwisherx_,0.0
am0yie,0.0
jaeminnuaing,0.0
evimrsh_,0.0
akunperjuangani,0.0
vychologist,0.0
haechanprivate,0.0
sobbingbcsoobin,0.0
akusyngdoraemon,0.0
cocooteee,0.0
akunyolot,0.0
akunnyaaca,0.0
dowoonderfull,0.0
akuambisswoyyy,0.0
akbar__kun,0.0
ajustforanya,0.0
makeuvilm,0.0
ajiaji032,0.0
jlopeu,0.0
akuuuuuuily,0.0
alfanda_14,0.0
alyeolmae,0.0
richslacker,0.0
alyawkwkwk,0.0
afaqihaa_,0.0
shatrawberry,0.0
iwuffyouuuuu,0.0
babyavocuddle,0.0
alvernim,0.0
gsukaayamgoreng,0.0
kalkulus1a,0.0
allyaazara,0.0
alluireme,0.0
brwniesz,0.0
alletsacc,0.0
luckeenreech,0.0
bffhae,0.0
downytigarasa,0.0
pcychnyeoll,0.0
doychanna,0.0
deellyyn_,0.0
emnggr,0.0
dreamislie_,0.0
doyoungkim_10,0.0
chitaglorya,0.0
doyoane,0.0
fulixlee,0.0
dedeuk,0.0
enginestud,0.0
deasanasya,0.0
deact1ve,0.0
ddoraex,0.0
fatresiahelena,0.0
momotanwelo,0.0
chercheeri,0.0
tryingmabestt,0.0
equinoxeros,0.0
doyiieekim,0.0
nytrika,0.0
thevirgogurl,0.0
everywwon_woo,0.0
everyone_wooooo,0.0
euvoria_,0.0
eunsang_pikri,0.0
viraanih,0.0
etherealhc_,0.0
ereszone,0.0
premiumappbysay,0.0
glossiebubs,0.0
est_studacc,0.0
esbobataro,0.0
erikasalsabl,0.0
itsyogirlsjaoe,0.0
dayxu8_,0.0
rizasfy26,0.0
daveesjar,0.0
crit_effect,0.0
crynindenyt,0.0
ooreki_,0.0
cruuciio,0.0
crustaceaee,0.0
crmlcrushh,0.0
crlstudy,0.0
_pixlsugr,0.0
dat00slove,0.0
definitelybila,0.0
caramelleah,0.0
delapus11539704,0.0
deluziee,0.0
xxnabilaaz,0.0
distracsi,0.0
crystaliese,0.0
andalasfess,0.0
cucudokja,0.0
culameetan,0.0
cutieb00n,0.0
cvpscake,0.0
kookstillbby,0.0
nuancesize,0.0
seetayz,0.0
dailyxhitpost,0.0
dankematian,0.0
dansedansee,0.0
flyingkucing,0.0
darknessfourr,0.0
lovestozad,0.0
darqolate,0.0
kerelllen,0.0
joereoo,0.0
eazypol,0.0
markiet__t,0.0
flssfp,0.0
kaciwparuy,0.0
flurrybabykim,0.0
salsblx,0.0
fluffyyriki,0.0
fluffyflurri,0.0
neospasie,0.0
floreaaa_ft,0.0
flyngmoon1,0.0
floo_shr,0.0
its_me_yayaa,0.0
fllwlees,0.0
fiyyrlsst,0.0
fixzyuu,0.0
fitraygaksih,0.0
flymejk,0.0
fogbround,0.0
emangcuek,0.0
guepemilikakun,0.0
gutkkie,0.0
clarissajournal,0.0
guojiia,0.0
chwlejisngy,0.0
guniepie,0.0
jumclal,0.0
gtwsypp,0.0
fordreamiess,0.0
growflyy,0.0
grooverko_,0.0
gapyear21,0.0
gapaidreams,0.0
gangamata_,0.0
ganesauroraa,0.0
fidwinaxx,0.0
fenori_,0.0
ftrr_yy,0.0
gadis_azalia,0.0
taufiqr823,0.0
fuwajournal,0.0
nezthetic,0.0
ganeetavv,0.0
gamissorban,0.0
galvanicells,0.0
gadinn_,0.0
akunambis21,0.0
gabolehgagal,0.0
piikiiuu,0.0
histologzy,0.0
fylaworld,0.0
fvckmaths,0.0
fujoshijati,0.0
gitasnowy,0.0
ambisintenyukk,0.0
strawberiessky,0.0
feeeysa,0.0
feniifs,0.0
aangleaw,0.0
femkezhi,0.0
feelingpurplee,0.0
feeldone999,0.0
pockyaddictttt,0.0
fckinshtsboi,0.0
fathanfariza,0.0
fckinloveyou,0.0
faziafc,0.0
fauntalism,0.0
gumbearie,0.0
fattiebelly,0.0
maurienau,0.0
eunhwilo,0.0
gyehunssi,0.0
gyruscinguli_,0.0
navielbloom,0.0
glazeud,0.0
jinwooeyesmile,0.0
faintedrain,0.0
gladlynaya,0.0
jbjie,0.0
gksward23,0.0
gkprnhmnggvaway,0.0
gliserole,0.0
gjlsyudah,0.0
gitarisbonjovi,0.0
aquayan_,0.0
gitaputriastari,0.0
gimmethestars,0.0
gfhaechan_,0.0
glinteayeah,0.0
glitterjk_,0.0
vaquola,0.0
nnaanaj,0.0
kritstal,0.0
annarukami,0.0
koranpagiii,0.0
komikusmales,0.0
imndinn,0.0
dripmonger,0.0
greenteahazelnt,0.0
ambisvinn,0.0
gracefulei,0.0
aternusty,0.0
googiebulet,0.0
godblesssmee,0.0
gngrii_,0.0
glxysea,0.0
geprekimpor,0.0
gemoihaechan,0.0
gemblengjaja,0.0
haedonggeuri,0.0
hajaengwoo,0.0
haitsde,0.0
haiiwaizumi,0.0
haevchanii,0.0
txtdarihunter,0.0
haejwani,0.0
jeonsooheej,0.0
gembilgembulcom,0.0
haechan6600_,0.0
hadeuh47934950,0.0
patriciashaniaa,0.0
habbitsread,0.0
h4dn1,0.0
sebut_aja_orang,0.0
hajwjwje12,0.0
sal_xzn,0.0
halloakuester,0.0
hallooodenne,0.0
notbeautybutidc,0.0
greymacaroon,0.0
imeydaaa,0.0
hneeep,0.0
gresnolimit,0.0
rachappy_,0.0
grecszeb,0.0
garistanpabawah,0.0
ordinatabsis,0.0
gausahtauuuuuuu,0.0
gbrl_pm,0.0
geezmarklee,0.0
geezrekk,0.0
forsilkstar,0.0
taeyongsfle,0.0
fairiemind,0.0
deyngambis,0.0
heepnoticc,0.0
heaveniki,0.0
hee_3000,0.0
hechanbni,0.0
heartlinecity,0.0
hayukyass,0.0
hayitanis,0.0
hellianthusal,0.0
haurucastle,0.0
hataraca,0.0
gistudees,0.0
haruvairy,0.0
haruhachiko,0.0
harugracee,0.0
heksadiena,0.0
helloelf_,0.0
haqueensa,0.0
hiiksoona,0.0
hyejesaaa,0.0
huggybearys,0.0
huffleloves,0.0
i2jongu,0.0
hangtyass,0.0
fkmsoon,0.0
hii_ishxyyy,0.0
rraflid,0.0
hi_andrii,0.0
heyhohii,0.0
hermonieaddict,0.0
hemistudy,0.0
kk4mjong,0.0
helmiakbars,0.0
harmouren,0.0
balbalapasi,0.0
ttttaacaa,0.0
hisammula,0.0
denmanly,0.0
hobimakancanai,0.0
hngrenjun__,0.0
tkmwe2wkcbytzlv,0.0
flowwlinn,0.0
hisspiyaya,0.0
hiresapps,0.0
honeyberryys,0.0
hiraahero,0.0
hipokritx,0.0
hinumaaa,0.0
hilmiluthfi_,0.0
flammable__,0.0
zxcvopw,0.0
hoezxvirgo,0.0
honeycityx,0.0
hapxbogummy,0.0
juyeoqn,0.0
rafiabdulaziz_,0.0
hapekegigit,0.0
hanqyulgf,0.0
hanjisss,0.0
hanifa_ep,0.0
gabriux1,0.0
leejuyneo,0.0
airplaneboost9,0.0
soojain,0.0
cnswoo,0.0
classicaall,0.0
caxbin,0.0
busifess,0.0
ambis_yukkk32,0.0
i_washuman,0.0
iamfishtime,0.0
iamthelit_,0.0
renjungopay,0.0
jzzxlyn,0.0
hoshucark,0.0
your2rl,0.0
swooryx,0.0
suholee1111,0.0
sarprogress,0.0
oemjiasca,0.0
hotshinramyeon,0.0
nomineuy,0.0
mayierreen,0.0
marsstdy,0.0
liviamaubelajar,0.0
larismanies,0.0
kwrdus,0.0
aziastudy,0.0
hourmoonrn,0.0
ericxtbz,0.0
frenchchuba,0.0
avocadojaneshi_,0.0
fru1tty,0.0
frizzzzy,0.0
airmelon_,0.0
pinginpunyaduit,0.0
caramelleizz,0.0
lananiole,0.0
httpstudie,0.0
fredrickbinsar,0.0
frecklixxx,0.0
fortunegoogiez,0.0
han_1627,0.0
kyaaact,0.0
hanabpu,0.0
jeanartss,0.0
jcxyle,0.0
houseskies,0.0
ichinisanvier,0.0
erpan1827,0.0
igiboyeahh,0.0
icykeei,0.0
nishin0yayu,0.0
huffgryff,0.0
ayurls,0.0
iceamericaan0,0.0
howboutcins,0.0
youthaddict48,0.0
ice_elzzaa,0.0
iunaticofeliz,0.0
icannn___,0.0
shabrinafg__,0.0
ibobm,0.0
ignaciamelvina,0.0
iightmiles,0.0
iirreplaceabl3,0.0
elucuu,0.0
ikannncupang,0.0
ikarahmawati___,0.0
ilhinsibibiybiy,0.0
dinges_zenius,0.0
kidcozygirlz,0.0
iluvvstrawberry,0.0
rantnyarara,0.0
ilvlayan,0.0
dinaraw4,0.0
ilynjdo,0.0
imdoinothing,0.0
igiboyaaah,0.0
hramadaaan,0.0
kryangkedua,0.0
kstoedy,0.0
jjwimim,0.0
indosatoshi,0.0
iniakunaje,0.0
angspa,0.0
ineedywoody,0.0
indsane96,0.0
supermari00_,0.0
indrastunatu,0.0
indomiejpg,0.0
iniprastyi,0.0
indhrmdhnti,0.0
incesea,0.0
jihanpratikaaa,0.0
imyour_drum,0.0
itswinz,0.0
parktaee_,0.0
inikayeshaa,0.0
bbkjhy,0.0
jenggalafana,0.0
irdaeliana,0.0
itsfalana_,0.0
itsaeril,0.0
istrikmdirumah,0.0
isno_prplee,0.0
isnaeni_alya,0.0
utbkuy1,0.0
an0therplace7,0.0
inisambataqis,0.0
ipuung9,0.0
inumakitogel,0.0
insyaallahambis,0.0
insdomie,0.0
cocoaaddict01,0.0
inisyanaa,0.0
itszaambis,0.0
teenagedimplezx,0.0
kertaswangsit,0.0
iuwacth,0.0
jaemysunshine,0.0
treasuremenfess,0.0
malkiesty,0.0
iwiclmy,0.0
ivbluesky,0.0
urmarkly,0.0
iucreciamh,0.0
jagathraya,0.0
itzyjuliia,0.0
froum_youngk,0.0
itzyforitzy,0.0
itzmintzly,0.0
banjavenue,0.0
keqingcult,0.0
jaeuniiverse,0.0
jakqesim,0.0
jelllyybin_,0.0
jehermione,0.0
jelazkrana,0.0
galliardapaapa,0.0
jekeywin,0.0
jejeletoy,0.0
ariesstudies,0.0
amiktheavocado,0.0
jdsmee23,0.0
jasmieennn,0.0
jcoodonut,0.0
jbunhyeok,0.0
yeseoie,0.0
jaywonns,0.0
jjwonpark,0.0
jasminegetstud,0.0
itsjenarin,0.0
itsjssiidh,0.0
itsphysics_,0.0
xexostar,0.0
jessiediary_,0.0
sppacg,0.0
jesjeurs,0.0
jeramimemanggil,0.0
iiidih,0.0
jenojohayo,0.0
kerjarhodey,0.0
jichanxm,0.0
mjskud,0.0
beianjafess,0.0
kenmaniichan,0.0
kenapagitudeh,0.0
iamgoodg1rl,0.0
kekapasii,0.0
awasakunbaru,0.0
jidatkaoru,0.0
jeongyunoaddict,0.0
jjeonsbae_,0.0
caastudyy,0.0
jjkslof,0.0
jjhnayy,0.0
jjapchaee,0.0
jjaooi,0.0
jiwoonstudy,0.0
jinnymine,0.0
thingaboutsa,0.0
ndess_5,0.0
jikook_coty,0.0
jijuljujil,0.0
kasihnamadong_,0.0
scftsmiley__,0.0
jiebutterflies,0.0
kejuloml,0.0
mandaredvlvt,0.0
keihju,0.0
justclaiee2,0.0
ilhmtqn,0.0
k_wono1,0.0
k4naworld,0.0
primizzyy,0.0
justnormalgurll,0.0
rohaehaa,0.0
kookiesnminily,0.0
kedelaiiii,0.0
justcallmena_,0.0
junnidette,0.0
bedakbaby_,0.0
junjunhug,0.0
jennietwin,0.0
jenmarkcart,0.0
kadalbuntunc,0.0
laravonne,0.0
kaleiea,0.0
kamobelajar,0.0
kangambisd,0.0
karyacemas32,0.0
katakmengeong,0.0
meanie614,0.0
kayibek,0.0
amilyakautsar,0.0
kceshi,0.0
kcokomi,0.0
kdknandasanjaya,0.0
scalliyn,0.0
areajulid,0.0
ke127an,0.0
kecoayeppo,0.0
tarodikulkas,0.0
iceeblue_,0.0
bakpiaww,0.0
khongguanmerah,0.0
seenteaaa,0.0
kimdoieily,0.0
kimcheeesy,0.0
kimbumlaw,0.0
kidranggi,0.0
khonsanailahr,0.0
khoirunisaazrr,0.0
amnbisius,0.0
kharmelllya,0.0
alreadyxync,0.0
numayyyyyy,0.0
khaistudy,0.0
tamakisse,0.0
khadjhz,0.0
kimgayooo,0.0
kimjuncotton_o,0.0
farambiss,0.0
kirapiee,0.0
lavalafyu,0.0
lasfridaynightt,0.0
lanzhhan,0.0
lancarluncurr,0.0
kistude,0.0
writepng,0.0
saturddate,0.0
ikimlp,0.0
kindwly,0.0
kinanttan,0.0
kimtaejin31,0.0
twitims,0.0
kimsojungxne,0.0
kimniseo,0.0
sgrjjsbdakka,0.0
dyieren,0.0
farihmuwaffaq,0.0
klandastine,0.0
kyungbunnyy,0.0
kyralacs,0.0
nadhputrii,0.0
kylielipaann,0.0
ky0dxpcc,0.0
alscheift,0.0
kuyangexpress,0.0
chocooxz,0.0
kusukaleejeno,0.0
kuntoanjrit,0.0
kukukunae,0.0
kudaranay,0.0
genshinlokal,0.0
kuacipilihan,0.0
kyuutiies,0.0
l0vchemist,0.0
adndnrd,0.0
lalastudyy,0.0
keutychia,0.0
kittenbud,0.0
kittokatsuuu,0.0
kittychart,0.0
ingenuze,0.0
kyaawan_,0.0
lalamayla_,0.0
lacibollalaa,0.0
lakoneaku,0.0
allhailtakashi,0.0
iridoriscent,0.0
peoasus,0.0
lagbitch,0.0
ladadidaladida1,0.0
samarsekali,0.0
jedd0ngie,0.0
callafleurs,0.0
leaveff,0.0
letsgooougm,0.0
cochoreo,0.0
letminolino,0.0
leohyuck,0.0
legingmanohara,0.0
leelovemark,0.0
lampungbase,0.0
tragific,0.0
learnisfun_,0.0
cavendishclark,0.0
learnforlifee,0.0
laylimsrh,0.0
anadisana,0.0
biologyzyx,0.0
leviheijo,0.0
libr4tz,0.0
loeychinguuuuu,0.0
lisacaper,0.0
liyoen_,0.0
nunanyawoojin,0.0
livsaja,0.0
listiatan,0.0
yourcrush_babe,0.0
laperdh,0.0
zafranalts,0.0
lifrief,0.0
lionhazelj,0.0
liltrasshy,0.0
alohaguize,0.0
naxxyra,0.0
asteroid524,0.0
arulertx,0.0
apatisx,0.0
lavendercrushed,0.0
gxjeias,0.0
loucashton28,0.0
jonginidoie,0.0
ltaembrace,0.0
mewchanics,0.0
nakskarunggoni,0.0
lovelysa19,0.0
lovelifeyea,0.0
lopyumath,0.0
lizzienoire,0.0
diiyourbae_,0.0
loiddholpinle,0.0
ratoostudy,0.0
loeys00,0.0
fleurlvyn,0.0
loeydude,0.0
ltyruby,0.0
lenharuuu,0.0
lucaisya,0.0
luckvoita,0.0
xxeurekaa,0.0
lucutehere,0.0
lushlovstyles,0.0
luthfeeyaz,0.0
luvieaes,0.0
luvvuuuuu,0.0
laladanella,0.0
luwakarabika,0.0
dah____________,0.0
lvckicst,0.0
qwertyaowk,0.0
kes_stud,0.0
0rangsuccess,0.0
cloud1xd,0.0
koaqlaa,0.0
cloudishlly,0.0
permisipaket_,0.0
nextarrcokelat,0.0
idextratime,0.0
meim99_,0.0
markcitygurl,0.0
mejikuhibinniu,0.0
xxshineyz,0.0
mekdiiioreo,0.0
fizzyflanks,0.0
neverasktoborn,0.0
neupuz,0.0
netaijal,0.0
nyonkrg,0.0
nestleysya,0.0
petzoldzzz,0.0
medsstud,0.0
nfifah23,0.0
nelladrs,0.0
oocomfortzone,0.0
keeylaaaaaaaaaa,0.0
kamusiapayak,0.0
mbawangg,0.0
orchxid,0.0
orchidzyone,0.0
chaeraelk,0.0
cathions,0.0
kimjonunh,0.0
nrossiee,0.0
studywithgee,0.0
pdistira3,0.0
txtgetsunova,0.0
sadneusss,0.0
nisamabaundip,0.0
kiddieasha,0.0
nelheeyoung,0.0
cloudissie,0.0
notiogic,0.0
noviceartistt,0.0
_clairdxlunx,0.0
nouvieiies,0.0
abcdheyaa,0.0
notyourexxx_,0.0
hijustcallwawa,0.0
meanwhild,0.0
pfmbahagia,0.0
notconnectioonn,0.0
mebeingmeitsme,0.0
vaniaaaambis,0.0
nore2dx,0.0
rooooollllll,0.0
kamoomile,0.0
me0wsh,0.0
haru_010410,0.0
novpdd,0.0
nawasenaa,0.0
ndnrilha,0.0
ndhrbt1,0.0
may0naizee,0.0
ndatawlah,0.0
melancholycurse,0.0
ssrmao,0.0
meliyetik,0.0
medeeiia,0.0
clobe,0.0
naufalaal_,0.0
ningznin,0.0
njunnnana,0.0
lucynaomii,0.0
mcflurrybubble,0.0
perempuanmuuuu,0.0
divaalfiah,0.0
orgrendahan,0.0
kowhsi,0.0
menfesssyg,0.0
ocayaaaa,0.0
o0crash9,0.0
hynskch,0.0
nyobaproduktip,0.0
pejuanggkuliah,0.0
nyeondy,0.0
natiapermanaa,0.0
ailofmalyfe,0.0
nuvantaraa,0.0
katdaal,0.0
nurjannahhanum,0.0
pemudayouth,0.0
press1forambis,0.0
odlaassir,0.0
pejuangalmet,0.0
ceritadarimalam,0.0
azharfahd,0.0
onthewayhere,0.0
ryyuje,0.0
onoff_m,0.0
thinsmilemuahh,0.0
mbislie,0.0
ominotme,0.0
oligarkei,0.0
ohmyicedtea,0.0
okgurlzs,0.0
peachqrose,0.0
peciintambiss,0.0
dojeumin,0.0
oikawakiw,0.0
takze,0.0
afas64002521,0.0
mcflurrries,0.0
ntashiye,0.0
yoonjaehyukz,0.0
alestudiey,0.0
mbananamal,0.0
akugemeus,0.0
owlinlovewithu,0.0
vhezzzz,0.0
ourtattoos,0.0
otsukarenasama,0.0
sasambisptn,0.0
_alphaif,0.0
oseanight,0.0
orionbeltgirl,0.0
maungrice,0.0
orimkhoirul23,0.0
orgsm95,0.0
oxnjxbc,0.0
pacarhaliday,0.0
pacarnyarya,0.0
pachilleui,0.0
padukachanyeol,0.0
waitefah,0.0
pallzahf,0.0
aruufilpe,0.0
midheavenn_,0.0
pengenapaaja,0.0
rekonict,0.0
peacebeuponn,0.0
hannadd__,0.0
mbibibis,0.0
ketekalien,0.0
onyourmidd,0.0
pengenambiis,0.0
snowgumzzz,0.0
nakaivvy,0.0
canstuy,0.0
y00nddablue,0.0
highekspektasi,0.0
worldqar,0.0
wooseoj,0.0
hangyuf,0.0
wonyourbae,0.0
martabakindie,0.0
antarsayapulang,0.0
fluffykaia,0.0
wonkecii,0.0
yujsoob,0.0
woncevs,0.0
hermbione,0.0
wntrrgrdn_,0.0
cloudy_vread,0.0
wtfjaktim,0.0
x1xiboba,0.0
xrackedaccount,0.0
xkeyzia,0.0
ynrlj08,0.0
xo_fa_xo,0.0
xnysaz,0.0
xmnallzee,0.0
propadti,0.0
xkylz_dll,0.0
dhea_zenius,0.0
xaracryst,0.0
xiuwany,0.0
xiaaau,0.0
pekalonganfess,0.0
xezens,0.0
xeexawxeenx,0.0
xayizee,0.0
wjyd_22,0.0
asyllib,0.0
winztersoldier,0.0
gerimisnind,0.0
esra81787871,0.0
ucancallmeyunn,0.0
ucaaaaay,0.0
jehianps,0.0
napakotel,0.0
kittenflawu,0.0
ubur_uburmerah,0.0
wintervkooo,0.0
typingmybest,0.0
tupperwery,0.0
tymochie,0.0
zweetbangtan,0.0
txtfromshasa,0.0
preci0usgirll,0.0
ugmduadua,0.0
uknwmeright,0.0
ulululluu,0.0
undipmenfess,0.0
unavailable6661,0.0
psichalogy,0.0
uncpsiar,0.0
myboyfriendkth,0.0
unnoticezen,0.0
cayendoj,0.0
uranyus,0.0
urbebl0uffee,0.0
urfavshuman,0.0
urheartbreakx,0.0
serotoninstud,0.0
psbronitua,0.0
struggle9belas,0.0
xoxo22happiest,0.0
xrrava,0.0
nonakimry,0.0
whish3s,0.0
thisbluemarie,0.0
09yjm,0.0
marsupilalami,0.0
wierdify,0.0
whociamesia,0.0
who_realizes,0.0
wheeinnnnn,0.0
ftttsugaaa,0.0
straykdzchan,0.0
wedeliastudy,0.0
sharereall,0.0
wecall11nine,0.0
marimegammy,0.0
maribertemanptn,0.0
sadboy1410,0.0
nkcthi___,0.0
xryqzaa,0.0
jolovesji,0.0
piztachious,0.0
nolivepeople,0.0
noecharm,0.0
nochtrnl,0.0
munfess,0.0
nobeeta_,0.0
nobaramyeon,0.0
shijakbuteodaa,0.0
pjmrawrr,0.0
nnjaemi,0.0
imnayeonmygirl,0.0
nnismal,0.0
wmhendra_,0.0
nnajaeminiest,0.0
winneopen,0.0
be_owenz,0.0
watanabehera,0.0
profanous,0.0
visentiaiko,0.0
mondmaadchen_,0.0
vinmoriarty,0.0
vimard_,0.0
ossocleo,0.0
vickzz14,0.0
tegarrm11,0.0
wasserdruck,0.0
widodotesla,0.0
wiiiskes,0.0
mylktae,0.0
xsoarcist,0.0
wintermiif,0.0
icutiejaemin,0.0
o97pride,0.0
probablydaisyb,0.0
vivielawantii,0.0
sahabatbrainly,0.0
voievode01,0.0
voile27,0.0
w0zzteria,0.0
waeenyoeell,0.0
wajibngambisbgt,0.0
sanzupaws,0.0
wakasacult,0.0
wangjjake,0.0
violetblueish,0.0
wannabegzoox,0.0
wannabesnowman,0.0
wantitsobad,0.0
mmmaaauuulll_,0.0
mauuaungambis,0.0
seporsimieayam,0.0
ohnomerlin,0.0
rayyslagiambis,0.0
arucannn,0.0
putwizz,0.0
maukimyugyeom1,0.0
rahareuu,0.0
rainbowariess,0.0
rainensky_,0.0
studwsyaaa,0.0
panggilgua1,0.0
renai_maka,0.0
reinmujaddid,0.0
cimotyy,0.0
maecyokay17_j,0.0
wonunuj_,0.0
dugongcina,0.0
puuffffffffffff,0.0
pwtysntc,0.0
suyutifarid,0.0
quayntrella,0.0
querencisal,0.0
pusingbgthuft,0.0
pweasev,0.0
quereencialism_,0.0
agnesdella7,0.0
marciwiyi,0.0
qraece,0.0
piltropy,0.0
qonitaarda,0.0
jaejaewoonie,0.0
miyeeoon,0.0
qavten,0.0
pyovn,0.0
pwumpiie,0.0
yvoonmi,0.0
refusama,0.0
fajartujuhbelas,0.0
ngambisugmdl,0.0
rakyatuwitter,0.0
rajwnn,0.0
malykacang,0.0
panggilnady,0.0
flowrblues,0.0
pamaksudmu,0.0
mazzini_gsp,0.0
reeireirin,0.0
mutiarutam131,0.0
gxuling,0.0
menyinarimuuu,0.0
pfmsma,0.0
myrrraaahhh,0.0
myohangyul99,0.0
guedahyun,0.0
randd1_,0.0
matchikaaa,0.0
rararararadira,0.0
majourns,0.0
ratutorojoyo,0.0
raufanpurdini,0.0
rawrrchio,0.0
rainytics,0.0
idontsharefoods,0.0
rayofsansyain,0.0
rdrkym,0.0
real____jjs,0.0
cryinhazelmoonz,0.0
rebahan____,0.0
redpencilcolor,0.0
uchuucinn,0.0
mamaselusin,0.0
rendiismail22,0.0
myogabhtr,0.0
fuckutebeka,0.0
sabilarrrr,0.0
raccoonamatata_,0.0
adambagaskara,0.0
s4turnrush,0.0
asyastudyy,0.0
rydeell,0.0
rvnclwsly,0.0
rua_area,0.0
rutorenang,0.0
jihoonbakso,0.0
rumanizz,0.0
rubyredvelvet,0.0
chocyuhyun,0.0
rubbymarkie,0.0
iyakngarepfkui,0.0
rixskt,0.0
yongiepurple,0.0
s1jabats,0.0
ridincullus,0.0
riffuda,0.0
ustadchen,0.0
rhsntaa,0.0
rhestudy,0.0
rheexca,0.0
retnymala,0.0
riusuir_,0.0
rerwrho,0.0
rilexnchillin,0.0
miund,0.0
faizanka_,0.0
robyhmz,0.0
rinnebekasi_,0.0
ljskkkx,0.0
ruangguyu_,0.0
melysantoso_,0.0
rafisetiawanze1,0.0
renlilsecret,0.0
renataagustin17,0.0
rmomiyy,0.0
brandambissador,0.0
renaldiwahyu_,0.0
fotosyut,0.0
raenjunluvena,0.0
mabokwonwoo,0.0
mgajhnsz,0.0
itoff27,0.0
hiromi_daiji,0.0
faniix1,0.0
raaazaaac,0.0
betaquari,0.0
romeobogeng,0.0
roseetad,0.0
rllazzz,0.0
rosesty_95,0.0
koumeowing,0.0
rosettaile,0.0
rotiboeaya_,0.0
rr4nd0mm,0.0
rkhmdhifa,0.0
rrachang,0.0
rrenjunh,0.0
rruthieee,0.0
mogiisgilang,0.0
rsmn_vr,0.0
jaketangsel,0.0
machtyaaa,0.0
sunfairry,0.0
pfmstudy,0.0
myeonchive,0.0
renaointu,0.0
miliksanji,0.0
ethenimity,0.0
milkkeuteaa,0.0
milkiestluv,0.0
maukokumi,0.0
straykweeeds,0.0
jjieepang,0.0
miioo71,0.0
miloray6,0.0
fairylionae,0.0
misedep,0.0
julidajayaa,0.0
mitharmn_,0.0
mersieo,0.0
mrizwansy,0.0
milkywayystar,0.0
na4ckerman,0.0
pinnepiinn,0.0
mingmingiess,0.0
wiarning,0.0
minhyunglee283,0.0
mingyureo,0.0
pixieeeest,0.0
neologii,0.0
asmeredithgrey,0.0
mingambis,0.0
mid8riya,0.0
pixiexstclilo_,0.0
mhhhrnnn,0.0
micindomie,0.0
mineyups,0.0
worksfess,0.0
minexeulate,0.0
mrizkifebriann,0.0
mriniaffah13,0.0
mrdikta,0.0
mmeillen,0.0
piraaaa_,0.0
mochihihichi,0.0
mocaccid,0.0
pl4nta3,0.0
moaarmymidzyy,0.0
mmeksuttt,0.0
mlieat,0.0
jon9se,0.0
mituuw,0.0
maxpooling2d,0.0
mauuujadidokter,0.0
loutmlins,0.0
jeruksambat,0.0
natastasya,0.0
mochiocii,0.0
monjicorp,0.0
pebiyjinnie,0.0
peachtachioo,0.0
dinoshop_,0.0
metawinbunny,0.0
ihyunzjae,0.0
moonkevicn,0.0
moonliqght1,0.0
hezastudy,0.0
moonroese,0.0
crazieniyya,0.0
mooonntie,0.0
moosieposie,0.0
peachymochaa,0.0
brianbelajar,0.0
moyyth,0.0
rlixaxa_,0.0
minicroffle,0.0
mydearpo,0.0
krvyblue,0.0
physicsly,0.0
mitsupha,0.0
ssssharpay,0.0
pikarosiawati,0.0
4bbyitshere,0.0
fairym3rs,0.0
pillowyarna,0.0
merdepluie,0.0
billsyit,0.0
kuyangcangtip,0.0
90storyfair,0.0
narauhlll,0.0
qardust,0.0
nantikepikiran,0.0
ndlzkdlin,0.0
studienbrch,0.0
vouzmevoyezzh,0.0
philosophyhunt,0.0
pcrnanamikento,0.0
pharmacidst,0.0
imdemafia,0.0
merciaurevoi,0.0
my_april04,0.0
reductocurse,0.0
vrnsscfby,0.0
physblacks,0.0
phoriam,0.0
neomualone,0.0
tukanggalau28,0.0
murphlovebot,0.0
dsconnectud,0.0
muhammadrizaclr,0.0
nantadv,0.0
nanazzztmlsn,0.0
nanayoonaya,0.0
mrjuneyaa,0.0
rococo_chico,0.0
nabilagf,0.0
na_jaemann0813,0.0
mrsjyh,0.0
mangokombucha,0.0
mrs_okaka,0.0
pinginmasukfk,0.0
jayeuzv,0.0
misiscokelat,0.0
mintadislebew,0.0
ayayayow_,0.0
minnnnnhoo,0.0
minjyvers,0.0
minisabc,0.0
nadaoct1,0.0
nadshevi,0.0
nafarezabc,0.0
ddazekth,0.0
arreundelle,0.0
naif08916389,0.0
najaeminiey,0.0
najaesungie,0.0
memeeou,0.0
arrheree,0.0
blackxiugar,0.0
meme_lord666666,0.0
tanannnoctavia,0.0
namujoonm,0.0
nanaappp,0.0
pinginjulid,0.0
pbooyoungg,0.0
txtdrawan,0.0
txtdarironil,0.0
vuinttone,0.0
naiscent,0.0
noctekv,0.0
kbpenyintas,0.0
enhypen_members,0.0
taaannntann,0.0
itzaixovvy,0.0
t1l9t81,0.0
sygarpl,0.0
sukedelai,0.0
syawalyani,0.0
mekyungsui,0.0
thaichans,0.0
plummywrld,0.0
tinibinnie,0.0
rintarouzie,0.0
kyulest,0.0
kebongean,0.0
88milyarr,0.0
teafunnygeez,0.0
telorcepiog,0.0
txtuhy,0.0
teccasdsmp,0.0
ffoodfess,0.0
tebaksiapayo,0.0
risoljamur,0.0
taureqn,0.0
taemybby,0.0
tatahhaha,0.0
tanfullsun,0.0
tagovailoa_,0.0
dosiejogja,0.0
taewzrd,0.0
5pm53mins,0.0
masgifar,0.0
trlsribosomm,0.0
trealogy,0.0
thesunwillbeam,0.0
hanashhi,0.0
tidakbolehmalas,0.0
thrigonometri,0.0
thndpnpgnkuliah,0.0
nisnotes,0.0
thewinner_03,0.0
lachie_nae,0.0
gabisamupon,0.0
petervangils7g1,0.0
theqids,0.0
theodore_rjndr,0.0
the_bluessky,0.0
the2nd_kira,0.0
syahrianhaekal,0.0
tidakputusasa_,0.0
tikusblonde,0.0
thatsruffbuddy,0.0
tnkbell12,0.0
todayis_chaaa,0.0
todayis_eyen,0.0
maukuliah2,0.0
tokopakagus,0.0
accountantz_,0.0
tokopedisa,0.0
tolonksaltyinaq,0.0
tomioxa,0.0
baseumum,0.0
tootime2time_,0.0
komorebby,0.0
topiksemalam,0.0
trashytribute,0.0
tembemv,0.0
tengkyuneks,0.0
starfdust,0.0
shcinji,0.0
little__soul,0.0
sedangberfiqir,0.0
prewttyy,0.0
prieztoujours,0.0
dinasigoreng,0.0
serenadefor_2,0.0
shayeerah,0.0
sakaumm,0.0
vicegirl98,0.0
peachyeuuu,0.0
theonlyokti,0.0
__pramudya,0.0
dyoovr,0.0
shallmeet_loey,0.0
prettysellerapk,0.0
salm00wnz,0.0
tenriyyy_,0.0
ataehyeong,0.0
sasgantar,0.0
shbeiie,0.0
sasastudy,0.0
sara25284157,0.0
superd_ean,0.0
sanygah,0.0
sandglassess,0.0
salmastruggle,0.0
samvisk,0.0
samuelwls,0.0
ahmadzakiyudin_,0.0
sampurasunc,0.0
sameenergy10,0.0
salturnuss,0.0
premding,0.0
shaaturday,0.0
albanofinzo,0.0
stabesson,0.0
enaqtauuuuu,0.0
semangatinakuw,0.0
mantappugirl,0.0
sshzzxy,0.0
sehunnshinee,0.0
strawberychocoo,0.0
stardustzr,0.0
sftraaa,0.0
swwhun,0.0
delightfulight,0.0
tetesown,0.0
tesatesatesaa,0.0
tersahisahi,0.0
yedamsmate,0.0
teumeambis,0.0
aldiset02946261,0.0
semangkabulan,0.0
semestajenuh,0.0
owrientasi,0.0
seminggulagi,0.0
senseodie,0.0
stomatcha,0.0
septgvy,0.0
peachyypickle,0.0
seputartopik,0.0
madubenkyou,0.0
serinshi,0.0
jinnieatr,0.0
setannlucky,0.0
yesiamjasmin,0.0
settuce,0.0
sweetzjunhui,0.0
sweetydoughnut,0.0
m0oorklee,0.0
chaniechaniee,0.0
yeonbwin,0.0
charmingdrac0,0.0
chaotichoes,0.0
drunkerthink,0.0
chanlsty,0.0
solelytolove,0.0
nadsunoo,0.0
hmpneumothorax,0.0
chandeluna,0.0
stuudiv,0.0
chalkyrie,0.0
chachaatdy,0.0
urmarklee99,0.0
cfcboks,0.0
chawmomile,0.0
chemiseutry,0.0
stwufdy,0.0
plumyn,0.0
stufffzx,0.0
stupid_medstud,0.0
studyyeay,0.0
dreamerstudyy,0.0
kurapikawifee,0.0
mabaygbukanmaba,0.0
ccherrychuu,0.0
chemissu,0.0
lya_jpark,0.0
chymmynie,0.0
chrssss_,0.0
choxco,0.0
choppharo_,0.0
chemphysicsuck,0.0
cewebaik_,0.0
cestmoiadenn,0.0
kejuricheeze,0.0
mendmoon,0.0
coralynne9,0.0
coralandsummer_,0.0
desieeci,0.0
comeandxoxo,0.0
cowtoonn,0.0
colourofskyyyyy,0.0
coelenterataa,0.0
centivl,0.0
coaceiia,0.0
clumsyoe,0.0
mactematika,0.0
clownhater0,0.0
cloudyjen00,0.0
chendellion,0.0
sukajaehyunss,0.0
cordeliaspicy,0.0
cosmiciattte,0.0
ukuuu4,0.0
crackegg2,0.0
cinambis,0.0
kogassi,0.0
craetaceus,0.0
anggurmaroon,0.0
ciggaftermeal,0.0
cciwworr,0.0
ccknwia,0.0
cellacakes_,0.0
cemangatyu,0.0
dairysambatanku,0.0
stylsdntfvl,0.0
echaml__,0.0
stvdyca,0.0
4thgenitboyjun,0.0
studyima,0.0
soon2beamedstud,0.0
strippyn,0.0
strawbeeried,0.0
jeeejeeejee,0.0
stinkyiss,0.0
stinkyburgers,0.0
vanyazzahra,0.0
forambis,0.0
studiberries,0.0
divvla1,0.0
stillaliveye,0.0
stfux13,0.0
stazzmon,0.0
mencobarajinn,0.0
stayrmg,0.0
studaccanggi,0.0
studiehart,0.0
nectarwalk,0.0
rheanjunn,0.0
ambizwithucup,0.0
studyfaaaa,0.0
imamazingrn,0.0
studyeuph,0.0
hotmaanparis,0.0
studydies,0.0
studybudddy,0.0
cherambiss,0.0
lailychuss,0.0
summearry,0.0
studyasfuck,0.0
fatiaaqila,0.0
studiiy,0.0
studiesrn,0.0
siscakolh,0.0
starsshineee,0.0
starlight_ok,0.0
studywithcika,0.0
sunnymoondaay,0.0
sunndaylight,0.0
rakyatasgard,0.0
sunmolor,0.0
ddumbiie,0.0
sun6flower_s,0.0
urmatchaw,0.0
studyiren,0.0
sukacanduu,0.0
greencha__,0.0
sugasecretary,0.0
sugarroar,0.0
keiilahaha,0.0
bubos_nim,0.0
sunscentsp,0.0
crispyfairy,0.0
sunshinepily,0.0
supercuriouss,0.0
suprmh00p,0.0
sushienaktauu,0.0
ohmyyunki,0.0
sushitrashf,0.0
susujeruk1,0.0
sweetberrly,0.0
sweetbrownice,0.0
sweettaroo,0.0
sunleaky,0.0
studynowproud,0.0
hooneyeol,0.0
studynamitee,0.0
sdoodioo,0.0
sashsif,0.0
zeamayis,0.0
consteiie,0.0
ambisitb2022,0.0
vdfhel,0.0
zenoiev0423,0.0
mayaveronica9,0.0
zeniussupport,0.0
bagusbiasa6,0.0
persecoredes,0.0
zeniuslelicia,0.0
zerotohiros,0.0
funami_iidx,0.0
zeniusbyme,0.0
aqillafaya,0.0
littleewolffs,0.0
kochenkie,0.0
keaybi,0.0
zepeted,0.0
kasttangel,0.0
orch____id,0.0
zonaeaj,0.0
xunyize,0.0
renbigwin,0.0
ztzvall,0.0
cutiebunnyieww,0.0
zrtnj,0.0
zrhyme_25,0.0
zofufo,0.0
zeusswet,0.0
scksprsn,0.0
zoastudy,0.0
zlaraaa27,0.0
thaiteastudy,0.0
zigomycota,0.0
ljndoyie,0.0
caluvstud,0.0
studyize,0.0
pribumimusiman,0.0
doykimm_,0.0
yodamie,0.0
rjcollect,0.0
ynamsaeng,0.0
yesikapesetah,0.0
yesikaann,0.0
yerinnykim,0.0
yennovianti,0.0
sha59964370,0.0
birthdayboyjjen,0.0
plumpyhumpy,0.0
anotheroficha,0.0
yeaaaaa1234,0.0
jgukdior,0.0
ydelfay,0.0
yoenny141,0.0
yonkcheese,0.0
ojodaboniven,0.0
yonkyoungk,0.0
2304days,0.0
yoonjeyi,0.0
yoooambiss,0.0
yorobunzen,0.0
yoshi__yoo,0.0
kentangnyaruto_,0.0
yoshiluvy,0.0
youniversean,0.0
yourcicillia,0.0
haechavr,0.0
hhazelkim,0.0
iamsashyaa,0.0
mgreenteaz,0.0
princssjennie,0.0
mulberyiy,0.0
yceagers,0.0
venusblaack,0.0
casjourney,0.0
cabatprojenn,0.0
pulchraeaaxxi,0.0
bichsanul,0.0
vethernal,0.0
jihanfavs,0.0
jejeenum,0.0
gtwusiapa,0.0
veildiablo,0.0
iatoxicera,0.0
is0cost,0.0
puri_nim,0.0
vanillaltte22,0.0
vanctei,0.0
pudanmenawan,0.0
jaeminnabigwin,0.0
papayavocadoes,0.0
pandaiimenangis,0.0
cilsland,0.0
txlmcc,0.0
thaliamecca,0.0
mariasoffie_,0.0
psikolofi,0.0
tweetscognito,0.0
falllni,0.0
kudila_,0.0
urlovelymeow,0.0
ptnhunter22,0.0
urrprecioustan,0.0
buangrasamaless,0.0
dkfeeel,0.0
orishh_,0.0
heyyuu_20,0.0
valleznx,0.0
trili_haja21,0.0
skyelaster,0.0
chanseonga,0.0
cerdaspeople,0.0
bubleclo,0.0
parksozee,0.0
amazinhg,0.0
dyrajki,0.0
needle_dj,0.0
vadzhrhwd,0.0
unsoedfess1963,0.0
maxsimusfloren,0.0
xoxowantja,0.0
sweetpeagf,0.0
sunnydejuniee,0.0
sayahelo,0.0
edweils,0.0
hiraelix,0.0
ivnjno,0.0
jinsuyya,0.0
jiwvookim,0.0
loveliveletter,0.0
mlnsunglix,0.0
niceniecesix,0.0
oaseyama,0.0
pinksiyong,0.0
brokenstrays,0.0
xsomanyvoicesx,0.0
xrytired,0.0
rodeoyuno,0.0
user00282622728,0.0
masukptn2k22,0.0
user80972,0.0
tresno_arto,0.0
yayoungiee,0.0
saturnuszhra,0.0
pudusmollie,0.0
mahirahaul,0.0
pramidew,0.0
sshapiera,0.0
brown_suugaar,0.0
ssearrahh,0.0
sscarletsk,0.0
ssahyaa,0.0
sstudyaddict,0.0
sumberprotein,0.0
sriwijaya_bsnjo,0.0
squisholic_,0.0
sptzkyh,0.0
sparklingbub,0.0
spajabole,0.0
masaadepanmuuu_,0.0
ambiss17,0.0
pearll_y,0.0
shinsukqe,0.0
gabutpipell,0.0
shotarozaki,0.0
shny03,0.0
polcanisme,0.0
shiruunz,0.0
shirayuri0616,0.0
niksrot,0.0
terrciduk,0.0
shineeyo0pie,0.0
smileveryydayy,0.0
pornsmol,0.0
sntyche,0.0
masaituakantiba,0.0
sofciety,0.0
spacdust,0.0
sourcerries,0.0
sotoooayammm,0.0
sbuxrecipe,0.0
martanetlue,0.0
frankiecosmosd,0.0
scmeru,0.0
schh22,0.0
schareinjun,0.0
imyour_id,0.0
sbm2022amin,0.0
ayamtaru,0.0
kitty0413,0.0
sayyaswaaa,0.0
pretemdeer,0.0
sayangfk,0.0
sawoberrie,0.0
kataibugwcakep,0.0
preci0usin,0.0
lylackett,0.0
sheeeerinn,0.0
shiibbran,0.0
clnactuaire,0.0
shillamauits,0.0
shineambis,0.0
solehabknsolime,0.0
seapeachys,0.0
sombhonkamat,0.0
somethingsw33tt,0.0
sapirbluu,0.0
sondesyip,0.0
soodam_husband,0.0
soontobegamada,0.0
thereseclaire_,0.0
prayatafaizaft,0.0
moonstarslin,0.0
siabongx_,0.0
annung1717,0.0
ysputri__,0.0
zenalolosutbk22,0.0
pengenits,0.0
pluviluv,0.0
rutoothings,0.0
edennorthe,0.0
affogadto,0.0
nanadngambis,0.0
cutieasv,0.0
zarschev,0.0
zalfayre,0.0
zainumzahran,0.0
plzmau,0.0
yutachtien,0.0
sweety0ngg,0.0
bonjouvr,0.0
matchaaagirl,0.0
siailan,0.0
yaaainisiapa,0.0
yasyas878,0.0
yasukseslah,0.0
shoxella,0.0
yaspip,0.0
gerimisdingin,0.0
peetassbread,0.0
xyzstdy,0.0
floerlilsuns,0.0
yournaddy,0.0
yoursiriusss,0.0
yoursunnshine_,0.0
paw_pawmeong,0.0
guemuk,0.0
friantobasuki,0.0
alieenbelajar,0.0
pocarigaksweet,0.0
gaizkahaha,0.0
siodys,0.0
skywithluvya,0.0
skyofjava,0.0
poortatoess,0.0
sn6tn,0.0
siyfrnaaa,0.0
siriuuvs,0.0
singkitdiary,0.0
ytanakamo,0.0
simp4nb,0.0
simanullangboy,0.0
miraclesitompul,0.0
paujirohman,0.0
janrinj,0.0
sichengurl,0.0
skyxlily,0.0
horribietakes,0.0
slasherkids,0.0
ponakanhagrid,0.0
sltupid,0.0
maujadiorkay,0.0
slvirsa,0.0
slytherxie,0.0
polymatik,0.0
smootiess,0.0
tubatu_addicted,0.0
cryptosanthoshg,0.0
tupfai,0.0
tweetislamii,0.0
kokoradenmogu,0.0
ytaeluvv,0.0
physiciansoon,0.0
akutehbulan,0.0
