Source,Target,Weight
helloyoon4,sbmptnfess,34.0
helloyoon4,utbkfess,21.0
byunpov,subschfess,15.0
hopefullyperf,subschfess,14.0
byunpov,schfess,11.0
lizzypeachyy,schfess,10.0
zenius_oliv,subschfess,9.0
gabriux1,dinges_zenius,9.0
zeniusambis,schfess,8.0
hopefullyperf,schfess,8.0
helloyoon4,subschfess,8.0
zenius_oliv,schfess,7.0
hopefullyperf,sbmptnfess,6.0
keyystudies,subschfess,5.0
maillov_,schfess,5.0
zenius_oliv,sbmptnfess,4.0
zenbyzaa,subschfess,4.0
pfmmipy,schfess,4.0
atomhidrogen1,subschfess,3.0
aziastudy,airmelon_,3.0
lizzypeachyy,sbmptnfess,3.0
user0014297,canwehvebutter,3.0
txtdariharsa,pemudalusi,3.0
hujkwqe83dja,schfess,3.0
mitrabelajarmu,subschfess,3.0
gustity1,schfess,3.0
amsterdamlaf,subschfess,3.0
amsterdamlaf,schfess,3.0
ttttaacaa,subschfess,3.0
tetsuuuuuw,nezthetic,3.0
zenbyzaa,sbmptnfess,3.0
ambisintenyukk,sbmptnfess,3.0
ftievi,schfess,3.0
vaquola,schfess,2.0
sebut_aja_orang,jeonsooheej,2.0
notbeautybutidc,sbmptnfess,2.0
jbjie,faintedrain,2.0
nnaanaj,subschfess,2.0
notge0n,subschfess,2.0
nowsantuy,iridoriscent,2.0
numayyyyyy,schfess,2.0
jedd0ngie,schfess,2.0
nakskarunggoni,sbmptnfess,2.0
biologyzyx,atypicali,2.0
naxxyra,schfess,2.0
yourcrush_babe,subschfess,2.0
amiktheavocado,atypicali,2.0
amilyakautsar,sbmptnfess,2.0
amsterdamlaf,areajulid,2.0
amsterdamlaf,sbmptnfess,2.0
mitrabelajarmu,schfess,2.0
mjskud,itscammila,2.0
yantoyamazaki,subschfess,2.0
keyystudies,schfess,2.0
asdfghjklhftt,sbmptnfess,2.0
xexostar,schfess,2.0
awasakunbaru,sbmptnfess,2.0
kasihnamadong_,whentheweather,2.0
mystruggle___,subschfess,2.0
nafastudy,rxxras,2.0
vrdhmrh,saramadhan,2.0
natadekopok_,purplishdaisy,2.0
navaaaa_aa,bang_garr,2.0
jenoseno,subschfess,2.0
inianissaa,schfess,2.0
cestlacherie,flummfox,2.0
byunpov,convomf,2.0
titiswell,txtapaadanya,2.0
ddowoonssi,numdeysix,2.0
devnur99,itzjaraaa,2.0
ssaegt,sabdaps,2.0
purpleuvy,cherrykook16,2.0
sonofthesunnnn,sbmptnfess,2.0
hallaaah,stekzzkzkzk,2.0
sobbingbcsoobin,schfess,2.0
quip_zenshare,schfess,2.0
quip_zenshare,subschfess,2.0
haechanprivate,bffhae,2.0
gsukaayamgoreng,sbmptnfess,2.0
reikqmiya,cerephaka,2.0
shatrawberry,schfess,2.0
giornogiiovanna,iyoureyestell,2.0
seetayz,subschfess,2.0
rizasfy26,sbmptnfess,2.0
fatresiahelena,zenius_oliv,2.0
fyoduor,schfess,2.0
ftievi,subschfess,2.0
premiumappbysay,schfess,2.0
potongannf,subschfess,2.0
potongannf,schfess,2.0
cimycatha,polkacoma,2.0
thevirgogurl,subschfess,2.0
teresa_katarina,itssayeshaa_,2.0
hxxwlmes,xjzee_,2.0
cerephaka,reikqmiya,2.0
midosalsapfm_,schfess,2.0
pasukanambis,gapyearfess,2.0
pcrnysarigandum,syadnyl,2.0
choerrybombs2,waferasahoy,2.0
perkdels,schfess,2.0
hilycious,schfess,2.0
sundaeefundaee,mendmoon,2.0
sukajaehyunss,schfess,2.0
pfmmipy,subschfess,2.0
stylsdntfvl,schfess,2.0
stuudiv,schfess,2.0
piwchicks,schfess,2.0
hmpneumothorax,schfess,2.0
plumyn,convomf,2.0
kurapikawifee,jeromepolin,2.0
bubos_nim,sbmptnfess,2.0
ambisss1,soon2beamedstud,2.0
lailychuss,sabdaps,2.0
1975nk,schfess,2.0
lachie_nae,zenius_oliv,2.0
zen_kakyuni,hanashhi,2.0
maukuliah2,studyfess,2.0
madamemoisse,schfess,2.0
zenbyzaa,schfess,2.0
almondmilkies,zenius_oliv,2.0
masgifar,naiscent,2.0
kyulest,yoshaurs,2.0
zenambis,schfess,2.0
5pm53mins,dosiejogja,2.0
88milyarr,schfess,2.0
mantappugirl,schfess,2.0
zeniusssss,schfess,2.0
aldiset02946261,sbmptnfess,2.0
albanofinzo,sbmptnfess,2.0
1975nk,nashiayamgeprek,2.0
__pramudya,schfess,2.0
zenius_oliv,gapyearfess,2.0
lilsunschenle,zenius_oliv,2.0
peachyeuuu,dinasigoreng,1.0
prieztoujours,subschfess,1.0
prewttyy,shovwl,1.0
prettysellerapk,zeamayis,1.0
pretemdeer,frankiecosmosd,1.0
martanetlue,subschfess,1.0
pasukanambis,subschfess,1.0
preci0usin,schfess,1.0
prayatafaizaft,sumberprotein,1.0
pramidew,mahirahaul,1.0
masaadepanmuuu_,themposition,1.0
masaituakantiba,cittairlanie,1.0
pornsmol,shovwl,1.0
paujirohman,bertanyarl,1.0
poortatoess,subschfess,1.0
ponakanhagrid,sbmptnfess,1.0
polymatik,sygfess,1.0
pocarigaksweet,alieenbelajar,1.0
plzmau,subschfess,1.0
pluviluv,subschfess,1.0
matchaaagirl,gapyearfess,1.0
matchamaeleon,convomf,1.0
paw_pawmeong,schfess,1.0
plumpyhumpy,subschfess,1.0
plstmnrljgnnemu,subschfess,1.0
pribumimusiman,sbyfess,1.0
mayaveronica9,xoxowantja,1.0
maxsimusfloren,schfess,1.0
pshstudy,dyrajki,1.0
parksozee,heyyuu_20,1.0
puri_nim,jihanfavs,1.0
pulchraeaaxxi,schfess,1.0
pudanmenawan,maisyaphnn,1.0
pasukanambis,buangrasamaless,1.0
ptnhunter22,pandaiimenangis,1.0
psikolofi,schfess,1.0
mariasoffie_,jehianps,1.0
psichalogy,student_fess,1.0
pshstudy,myboyfriendkth,1.0
psbronitua,olivehateem_,1.0
martabakindie,pekalonganfess,1.0
pasukanambis,dhea_zenius,1.0
propadti,sabdaps,1.0
profanous,o97pride,1.0
probablydaisyb,noobychild,1.0
privateboba,subschfess,1.0
princes54798837,subschfess,1.0
princes54798837,schfess,1.0
maribertemanptn,letskol,1.0
marimegammy,sharereall,1.0
marsupilalami,ftttsugaaa,1.0
plstmnrljgnnemu,bapakdomba,1.0
pjmrawrr,schfess,1.0
piztachious,noobychild,1.0
pfmmipy,kamoomile,1.0
pfmmipy,abcdheyaa,1.0
pfmbahagia,schfess,1.0
may0naizee,kiddieasha,1.0
petzoldzzz,schfess,1.0
permisipaket_,idextratime,1.0
pdistira3,sbmptnfess,1.0
perempuanmuuuu,utbkfess,1.0
maungrice,dekapanfiksii,1.0
pdkxbxj,ancoraimparo___,1.0
pengenapaaja,cittairlanie,1.0
peacebeuponn,schfess,1.0
pengenambiis,press1forambis,1.0
pemudayouth,sbmptnfess,1.0
pejuanggkuliah,schfess,1.0
pejuangalmet,atypicali,1.0
peciintambiss,ambisfs,1.0
peachqrose,studywystar,1.0
mauuaungambis,schfess,1.0
mauuujadidokter,sbmptnfess,1.0
maxpooling2d,piraaaa_,1.0
pebiyjinnie,sbmptnfess,1.0
peachtachioo,subschfess,1.0
peachymochaa,schfess,1.0
pfmmipy,brianbelajar,1.0
maukokumi,worksfess,1.0
pixiexstclilo_,sbmptnfess,1.0
pfmmipy,neologii,1.0
pixieeeest,schfess,1.0
matchamaeleon,schfess,1.0
piwchicks,englishfess_,1.0
pinnepiinn,alloeverea,1.0
pinginmasukfk,rococo_chico,1.0
pinginjulid,schfess,1.0
pbooyoungg,kuyangcangtip,1.0
mariambisptkn,sbmptnfess,1.0
pillowyarna,1204s0s,1.0
pikarosiawati,schfess,1.0
matchamaeleon,ssssharpay,1.0
physicsly,sabdaps,1.0
physblacks,potatoesavire,1.0
matchamaeleon,subschfess,1.0
phoriam,txtapaadanya,1.0
philosophyhunt,reductocurse,1.0
pharmacidst,schfess,1.0
pcrnanamikento,schfess,1.0
pfmstudy,schfess,1.0
pfmsma,gxuling,1.0
matchamaeleon,vminenths,1.0
matchikaaa,dugongcina,1.0
maukimyugyeom1,bertanyarl,1.0
piltropy,jaejaewoonie,1.0
pweasev,schfess,1.0
pusingbgthuft,nowsantuy,1.0
rendiismail22,itoff27,1.0
rmomiyy,sbmptnfess,1.0
rllazzz,schfess,1.0
rkhmdhifa,utbkfess,1.0
madamemoisse,ljskkkx,1.0
rixskt,utbkfess,1.0
riusuir_,sbmptnfess,1.0
rinnebekasi_,jpfbase,1.0
rillakuman,subschfess,1.0
rillakuman,schfess,1.0
rilexnchillin,schfess,1.0
rigelarion,schfess,1.0
rigelarion,sbmptnfess,1.0
riffuda,panggilajazul,1.0
rifainthebuild1,mactematika,1.0
ridincullus,bertanyarl,1.0
richw0mann,ustadchen,1.0
richw0mann,convomf,1.0
rhsntaa,sbmptnfess,1.0
rhestudy,subschfess,1.0
madamemoisse,subschfess,1.0
rheexca,s1jabats,1.0
retnymala,subschfess,1.0
rerwrho,bertanyarl,1.0
replayrepliy,miund,1.0
replayrepliy,faizanka_,1.0
robyhmz,sbmptnfess,1.0
madamemoisse,cuwprint,1.0
roeversinceny,diveinkyoto,1.0
rua_area,iyakngarepfkui,1.0
sabilarrrr,zenius_oliv,1.0
sabdaps,raccoonamatata_,1.0
sabdaps,adambagaskara,1.0
s4turnrush,asyastudyy,1.0
rydeell,fuckutebeka,1.0
rvnclwsly,sabdaps,1.0
rutorenang,jihoonbakso,1.0
rumanizz,subschfess,1.0
rubyredvelvet,chocyuhyun,1.0
rubbymarkie,preciousjh17,1.0
ruangguyu_,melysantoso_,1.0
mabokwonwoo,schfess,1.0
roeversinceny,sunfairry,1.0
machtyaaa,jaketangsel,1.0
rsmn_vr,mogiisgilang,1.0
rruthieee,sbmptnfess,1.0
rrenjunh,schfess,1.0
rrachang,stanmenfess,1.0
rr4nd0mm,schfess,1.0
rotiboeaya_,cerephaka,1.0
rosettaile,koumeowing,1.0
rosesty_95,pinkeuza,1.0
roseetad,sbmptnfess,1.0
romeobogeng,schfess,1.0
renlilsecret,utbkfess,1.0
renataagustin17,schfess,1.0
puttrrrri,brandambissador,1.0
renaldiwahyu_,fotosyut,1.0
rafisetiawanze1,sbmptnfess,1.0
raenjunluvena,mgajhnsz,1.0
raeambisbesok,hiromi_daiji,1.0
raeambisbesok,faniix1,1.0
raaazaaac,betaquari,1.0
quip_zenshare,yongiepurple,1.0
quip_zenshare,vkfluffy,1.0
quip_zenshare,suyutifarid,1.0
mamaselusin,sbmptnfess,1.0
querencisal,convomf,1.0
querencieaj,subschfess,1.0
querencieaj,chewmist,1.0
quereencialism_,agnesdella7,1.0
marciwiyi,sbmptnfess,1.0
quayntrella,sbmptnfess,1.0
qraece,sbmptnfess,1.0
qonitaarda,subschfess,1.0
qheejin,miyeeoon,1.0
qavten,bertanyarl,1.0
pyovn,schfess,1.0
pwumpiie,studstudiee,1.0
pwtysntc,subschfess,1.0
panggilgua1,mariambisptkn,1.0
puuffffffffffff,arucannn,1.0
putwizz,studyyarea,1.0
rahareuu,subschfess,1.0
rainbowariess,sbmptnfess,1.0
rainensky_,sbmptnfess,1.0
rayyslagiambis,studwsyaaa,1.0
renai_maka,utbkfess,1.0
reinmujaddid,cimotyy,1.0
maecyokay17_j,wonunuj_,1.0
reikqmiya,koyuudayo,1.0
maillov_,yvoonmi,1.0
refusama,fajartujuhbelas,1.0
reeireirin,uchuucinn,1.0
redpencilcolor,sabdaps,1.0
rebahan____,cryinhazelmoonz,1.0
real____jjs,subschfess,1.0
rdrkym,sabdaps,1.0
rayofsansyain,idontsharefoods,1.0
rainytics,sbmptnfess,1.0
rawrrchio,schfess,1.0
raufanpurdini,sabdaps,1.0
ratutorojoyo,schfess,1.0
majourns,sabdaps,1.0
rararararadira,sabdaps,1.0
rapinzeul,schfess,1.0
rapinzeul,sbmptnfess,1.0
randd1_,guedahyun,1.0
rakyatuwitter,subschfess,1.0
rajwnn,jpfbase,1.0
malykacang,dekapanfiksii,1.0
panggilnady,flowrblues,1.0
pamaksudmu,ngambisugmdl,1.0
mazzini_gsp,cittairlanie,1.0
mutiarutam131,subschfess,1.0
mystruggle___,sweettaeev,1.0
menyinarimuuu,subschfess,1.0
mystruggle___,schfess,1.0
mystruggle___,hiyifa,1.0
myrrraaahhh,sbmptnfess,1.0
myohangyul99,skamletoy,1.0
myogabhtr,subschfess,1.0
myeonchive,schfess,1.0
mydearpo,jualanmurcee,1.0
mybalwoon,imdemafia,1.0
merciaurevoi,schfess,1.0
my_april04,ofeverythingg,1.0
muthxzsh_,vrnsscfby,1.0
nasculfadhil,neomualone,1.0
muthxzsh_,tukanggalau28,1.0
murphlovebot,dsconnectud,1.0
muhammadrizaclr,sbmptnfess,1.0
msputraaz,utbkfess,1.0
msputraaz,studienbrch,1.0
merdepluie,schfess,1.0
msputraaz,ndlzkdlin,1.0
msputraaz,namaewanaori,1.0
msputraaz,mitsupha,1.0
msputraaz,dinowin_,1.0
msputraaz,azijik,1.0
msputraaz,4bbyitshere,1.0
n00teskuas,fairym3rs,1.0
n00teskuas,krvyblue,1.0
men4ng1s,billsyit,1.0
n00teskuas,studysyx,1.0
nasculfadhil,90storyfair,1.0
narauhlll,qardust,1.0
nantikepikiran,schfess,1.0
nantadv,sabdaps,1.0
nanazzztmlsn,utbkfess,1.0
nanayoonaya,jayeuzv,1.0
nanas_malas,subschfess,1.0
nanas_malas,askrlfess,1.0
nanaappp,utbkfess,1.0
namujoonm,bertanyarl,1.0
namaewanaori,tanannnoctavia,1.0
meme_lord666666,sabdaps,1.0
namaewanaori,blackxiugar,1.0
namaewanaori,arrheree,1.0
memeeou,schfess,1.0
najaesungie,sbmptnfess,1.0
najaeminiey,sbmptnfess,1.0
naif08916389,subschfess,1.0
men4ng1s,arreundelle,1.0
nafastudy,ddazekth,1.0
nafarezabc,subschfess,1.0
nadshevi,schfess,1.0
nadaoct1,7orupiah,1.0
nabilagf,zenius_oliv,1.0
na_jaemann0813,subschfess,1.0
mrsjyh,mangokombucha,1.0
mrs_okaka,sbmptnfess,1.0
mrjuneyaa,hwangghinaa,1.0
misiscokelat,schcampus,1.0
mintadislebew,ayayayow_,1.0
minnnnnhoo,schfess,1.0
minjyvers,schfess,1.0
minisabc,vouzmevoyezzh,1.0
minicroffle,subschfess,1.0
mezmaraised,rlixaxa_,1.0
mezmaraised,wiarning,1.0
minhyunglee283,schfess,1.0
mingyureo,zh0ngchn,1.0
mhelmyahya,asmeredithgrey,1.0
mingmingiess,subschfess,1.0
mingambis,chelsstudy,1.0
mhhhrnnn,subschfess,1.0
micindomie,convomf,1.0
mineyups,plsidunnowhoim,1.0
minexeulate,schfess,1.0
mid8riya,na4ckerman,1.0
miloray6,schfess,1.0
milkywayystar,ethenimity,1.0
milkkeuteaa,sbmptnfess,1.0
milkiestluv,sbmptnfess,1.0
milkeurii,straykweeeds,1.0
milkeurii,jjieepang,1.0
miliksanji,subschfess,1.0
miioo71,fairylionae,1.0
misedep,julidajayaa,1.0
mitharmn_,schfess,1.0
mersieo,schfess,1.0
mitrabelajarmu,ambisfs,1.0
mrizwansy,sbmptnfess,1.0
mrizkifebriann,schfess,1.0
mriniaffah13,ambisfs,1.0
mrdikta,jon9se,1.0
moyyth,ursaturnss,1.0
mowgyli,subschfess,1.0
moosieposie,sygfess,1.0
mooonntie,crazieniyya,1.0
moonroese,hezastudy,1.0
moonliqght1,schfess,1.0
moonkevicn,ihyunzjae,1.0
metawinbunny,dinoshop_,1.0
meyskezz,s_rhizaa,1.0
monjicorp,schfess,1.0
mochiocii,adelaydens,1.0
mochihihichi,sbmptnfess,1.0
meyskezz,schfess,1.0
mocaccid,pl4nta3,1.0
moaarmymidzyy,sbmptnfess,1.0
mmeksuttt,convomf,1.0
mmeillen,schfess,1.0
mlieat,schfess,1.0
mituuw,billah_bambu,1.0
mitrabelajarmu,smkfess,1.0
mezmaraised,loutmlins,1.0
nasculfadhil,jeruksambat,1.0
natastasya,renaointu,1.0
panggilajazul,sabdaps,1.0
ohnomerlin,seporsimieayam,1.0
ontinyawagyu,angelyxc1,1.0
onthewayhere,ryyuje,1.0
onoff_m,thinsmilemuahh,1.0
mbislie,subschfess,1.0
ominotme,schfess,1.0
olivehateem_,azharfahd,1.0
oligarkei,utbkfess,1.0
okgurlzs,schfess,1.0
okeuy12,subschfess,1.0
okeuy12,ambisfs,1.0
mccnphase,dojeumin,1.0
oikawakiw,takze,1.0
ohmyicedtea,collegemenfess,1.0
natiapermanaa,sbmptnfess,1.0
odlaassir,menfesssyg,1.0
ocayaaaa,englishfess_,1.0
o0crash9,hynskch,1.0
nyobaproduktip,marktermeloo_n,1.0
mccnphase,kowhsi,1.0
nyeondy,ailofmalyfe,1.0
nuvantaraa,katdaal,1.0
nurjannahhanum,sabdaps,1.0
nurhidazenius,subeeobin,1.0
nurhidazenius,afas64002521,1.0
mcflurrries,ambisfs,1.0
ntashiye,sbmptnfess,1.0
ontinyawagyu,sasambisptn,1.0
mbisambis,zenius_oliv,1.0
onyourmidd,ketekalien,1.0
mbibibis,hannadd__,1.0
mbakjenniekim,rekonict,1.0
panggilajazul,bothroses,1.0
midheavenn_,aruufilpe,1.0
pallzahf,sbmptnfess,1.0
mbakjenniekim,waitefah,1.0
padukachanyeol,schfess,1.0
pachilleui,sbmptnfess,1.0
pacarnyarya,marktermeloo_n,1.0
pacarhaliday,sbmptnfess,1.0
oxnjxbc,alestudiey,1.0
mbananamal,akugemeus,1.0
owlinlovewithu,vhezzzz,1.0
ourtattoos,yoonjaehyukz,1.0
otsukarenasama,_alphaif,1.0
oseanight,sbmptnfess,1.0
orionbeltgirl,rachelamnd14,1.0
orimkhoirul23,sbmptnfess,1.0
orgsm95,ceritadarimalam,1.0
orgrendahan,divaalfiah,1.0
oreocuros,keeylaaaaaaaaaa,1.0
oreocuros,kamusiapayak,1.0
mbawangg,schfess,1.0
orchxid,subschfess,1.0
orchidzyone,chaeraelk,1.0
oocomfortzone,cathions,1.0
nrossiee,studywithgee,1.0
nrlsaes,txtgetsunova,1.0
sadneusss,sbmptnfess,1.0
nisamabaundip,kimjonunh,1.0
nfifah23,fizzyflanks,1.0
medsstud,gapyearfess,1.0
nextarrcokelat,sbmptnfess,1.0
newhopekila,schfess,1.0
newhopekila,sbmptnfess,1.0
meim99_,markcitygurl,1.0
mejikuhibinniu,xxshineyz,1.0
nevermindeuz,schfess,1.0
mekdiiioreo,schfess,1.0
nevermindeuz,sbmptnfess,1.0
neverasktoborn,subschfess,1.0
neupuz,schfess,1.0
netaijal,nyonkrg,1.0
nestleysya,schfess,1.0
nelvaaze,polkacoma,1.0
nelvaaze,memeykarta,1.0
nelladrs,bertanyarl,1.0
nelheeyoung,novpdd,1.0
ndnrilha,sbmptnfess,1.0
ndhrbt1,ttlindonesia,1.0
ndatawlah,schfess,1.0
melancholycurse,ssrmao,1.0
nawasenaa,subschfess,1.0
meliyetik,clobe,1.0
naufalaal_,schfess,1.0
ningznin,qheejin,1.0
njunnnana,lucynaomii,1.0
mcflurrybubble,sbmptnfess,1.0
medeeiia,subschfess,1.0
nrlsaes,haru_010410,1.0
nowsantuy,vazlae,1.0
nowsantuy,sbmptnfess,1.0
me0wsh,sbmptnfess,1.0
noviceartistt,_clairdxlunx,1.0
nouvieiies,maublajar,1.0
notyourexxx_,hijustcallwawa,1.0
notiogic,subschfess,1.0
meanwhild,panggilajazul,1.0
notconnectioonn,schfess,1.0
mebeingmeitsme,vaniaaaambis,1.0
nore2dx,rooooollllll,1.0
noodlezzzip,snowgumzzz,1.0
noodlezzzip,nakaivvy,1.0
noodlezzzip,canstuy,1.0
nonakimry,flyfromhell,1.0
nolivepeople,subschfess,1.0
noecharm,schfess,1.0
nochtrnl,munfess,1.0
nobeeta_,jolovesji,1.0
nobaramyeon,ssefnum,1.0
nnjaemi,imnayeonmygirl,1.0
nnismal,wmhendra_,1.0
nnajaeminiest,shijakbuteodaa,1.0
nkcthi___,maujadicrushmu,1.0
sadboy1410,thisbluemarie,1.0
09yjm,zenambis,1.0
sahrra00,schfess,1.0
wierdify,sbmptnfess,1.0
whociamesia,sbmptnfess,1.0
who_realizes,schfess,1.0
whish3s,schfess,1.0
wheeinnnnn,straykdzchan,1.0
wedeliastudy,ciaooo000,1.0
wecall11nine,taekyootie,1.0
waytogoals,winneopen,1.0
waytogoals,be_owenz,1.0
watanabehera,subschfess,1.0
wasserdruck,mmmaaauuulll_,1.0
wantitsobad,schfess,1.0
wannabesnowman,sbmptnfess,1.0
wannabegzoox,violetblueish,1.0
wangjjake,lunerpw,1.0
wakasacult,sanzupaws,1.0
wajibngambisbgt,subschfess,1.0
waeenyoeell,utbkfess,1.0
w0zzteria,sbmptnfess,1.0
vrnsscfby,muthxzsh_,1.0
voile27,subschfess,1.0
voievode01,sahabatbrainly,1.0
vivielawantii,ahdwik__,1.0
vitamiiinc_,schfess,1.0
visentiaiko,mondmaadchen_,1.0
vinmoriarty,subschfess,1.0
vimard_,ossocleo,1.0
vickzz14,sbmptnfess,1.0
vickyutami2,tetsuuuuuw,1.0
vickyutami2,tegarrm11,1.0
widodotesla,sabdaps,1.0
wiiiskes,mylktae,1.0
xsoarcist,subschfess,1.0
wintermiif,icutiejaemin,1.0
xryqzaa,subschfess,1.0
xrrava,subschfess,1.0
xrackedaccount,bertanyarl,1.0
xoxowantja,mayaveronica9,1.0
xoxo22happiest,ynrlj08,1.0
xo_fa_xo,schfess,1.0
xnysaz,schfess,1.0
xmnallzee,funnytummy_,1.0
xkylz_dll,schfess,1.0
xkeyzia,eunheeberries,1.0
xiuwany,pdkxbxj,1.0
xiaaau,sadgurlzzz11,1.0
xezens,sbmptnfess,1.0
xeexawxeenx,sbmptnfess,1.0
xayizee,gapyearfess,1.0
xaracryst,schfess,1.0
x1xiboba,fluffykaia,1.0
wtfjaktim,highekspektasi,1.0
worldqar,s_rhizaa,1.0
wooseoj,hangyuf,1.0
wonyourbae,dekapanfiksii,1.0
wonpilmart,y00nddablue,1.0
wonpilmart,antarsayapulang,1.0
wonkecii,yujsoob,1.0
woncevs,hermbione,1.0
wntrrgrdn_,cloudy_vread,1.0
wjyd_22,asyllib,1.0
winztersoldier,schfess,1.0
wintervkooo,schfess,1.0
vickyutami2,taeexyz,1.0
vickyutami2,struggle9belas,1.0
vickyutami2,ssophrosynee,1.0
vickyutami2,serotoninstud,1.0
urheartbreakx,schfess,1.0
urfavshuman,schfess,1.0
urbebl0uffee,schfess,1.0
uranyus,cayendoj,1.0
unnoticezen,jaemcityx,1.0
uncpsiar,prkdlx,1.0
unavailable6661,undipmenfess,1.0
ulululluu,schfess,1.0
uknwmeright,zenius_oliv,1.0
ugmduadua,esra81787871,1.0
ucancallmeyunn,schfess,1.0
ucaaaaay,schfess,1.0
uburuburuu,schfess,1.0
uburuburuu,napakotel,1.0
uburuburuu,kittenflawu,1.0
uburuburuu,gerimisnind,1.0
ubur_uburmerah,sabdaps,1.0
typingmybest,tupperwery,1.0
tymochie,zweetbangtan,1.0
txtfromshasa,preci0usgirll,1.0
txtdrawan,txtapaadanya,1.0
txtdarironil,sbmptnfess,1.0
txtdariharsa,vuinttone,1.0
txtdariharsa,consteiie,1.0
txtapaadanya,cilsland,1.0
txlmcc,thaliamecca,1.0
twutwah,utbkfess,1.0
twutwah,historiye,1.0
tweetscognito,schfess,1.0
urielflames,falllni,1.0
urlovelymeow,troismotsvides,1.0
urrprecioustan,sbmptnfess,1.0
vermmouht,dkfeeel,1.0
vickyutami2,orishh_,1.0
vickyutami2,kudila_,1.0
vickyutami2,jaeminnabigwin,1.0
vickyutami2,gtwusiapa,1.0
vickyutami2,goenawan_dedi,1.0
vickyutami2,ftievi,1.0
vickyutami2,casjourney,1.0
vickyutami2,cabatprojenn,1.0
vickyutami2,browniefluffy,1.0
vickyutami2,bothroses,1.0
vickyutami2,bichsanul,1.0
vethernal,alonevrydy,1.0
vermmouht,subschfess,1.0
venusblaack,schfess,1.0
user0014297,jejeenum,1.0
veildiablo,iatoxicera,1.0
vazlae,sonofthesunnnn,1.0
vazlae,schfess,1.0
vazlae,is0cost,1.0
vasyaksm,subschfess,1.0
vasyaksm,schfess,1.0
vanillaltte22,zenius_oliv,1.0
vanctei,soonkissad,1.0
valleznx,trili_haja21,1.0
vadzhrhwd,convomf,1.0
user80972,masukptn2k22,1.0
user00282622728,sbmptnfess,1.0
user0014297,rodeoyuno,1.0
xrytired,utbkfess,1.0
xsomanyvoicesx,brokenstrays,1.0
sahrra00,subschfess,1.0
zenius_oliv,pinksiyong,1.0
zenius_oliv,oaseyama,1.0
zenius_oliv,niceniecesix,1.0
zenius_oliv,mlnsunglix,1.0
zenius_oliv,memeykarta,1.0
zenius_oliv,loveliveletter,1.0
zenius_oliv,lachie_nae,1.0
zenius_oliv,jiwvookim,1.0
zenius_oliv,jinsuyya,1.0
zenius_oliv,ivnjno,1.0
zenius_oliv,hiraelix,1.0
zenius_oliv,edweils,1.0
zenius_oliv,chanseonga,1.0
zenius_oliv,cerdaspeople,1.0
zenius_oliv,bubleclo,1.0
zenius_oliv,bertanyarl,1.0
zenius_oliv,ayangiesicheng,1.0
zenius_oliv,amazinhg,1.0
zenimaoya,skyelaster,1.0
zenimaoya,needle_dj,1.0
zenbyzaa,unsoedfess1963,1.0
zenbyzaa,matchaawa,1.0
zenbyzaa,ambisstudd,1.0
zenbyzaa,ambisfs,1.0
zenambis,whentheweather,1.0
zenambis,sweetpeagf,1.0
zenambis,sunnydejuniee,1.0
zenambis,sayahelo,1.0
zenambis,papayavocadoes,1.0
zenambis,mulberyiy,1.0
zenius_oliv,orch____id,1.0
zenius_oliv,princssjennie,1.0
xunyize,sbmptnfess,1.0
zenius_oliv,renbigwin,1.0
ztzvall,cutiebunnyieww,1.0
zrtnj,schfess,1.0
zrhyme_25,bertanyarl,1.0
zonaeaj,schfess,1.0
zofufo,scksprsn,1.0
zoastudy,subschfess,1.0
zlaraaa27,thaiteastudy,1.0
zigomycota,bertanyarl,1.0
zh0ngchn,ljndoyie,1.0
zeusswet,kasttangel,1.0
zerotohiros,schfess,1.0
zepeted,vdfhel,1.0
zenoiev0423,jie_noona15,1.0
zeniussupport,bagusbiasa6,1.0
zeniusssss,persecoredes,1.0
zeniusssss,ambisitb2022,1.0
zeniuslelicia,funami_iidx,1.0
zeniusbyme,aqillafaya,1.0
zeniusambis,mbisambis,1.0
zeniusambis,littleewolffs,1.0
zeniusambis,kochenkie,1.0
zeniusambis,keaybi,1.0
zeniusambis,caluvstud,1.0
zenius_oliv,utbkfess,1.0
zenius_oliv,tingkiwingki21,1.0
zenius_oliv,studyize,1.0
zenius_oliv,smkfess,1.0
zenius_oliv,shourtcakee,1.0
zenius_oliv,sha59964370,1.0
zenambis,mgreenteaz,1.0
zenambis,iamsashyaa,1.0
zenambis,hhazelkim,1.0
zenambis,haechavr,1.0
yourcicillia,panggilajazul,1.0
youniversean,sbmptnfess,1.0
yoshiluvy,kentangnyaruto_,1.0
yoshi__yoo,convomf,1.0
yorobunzen,schfess,1.0
yoooambiss,schfess,1.0
yoonjeyi,2304days,1.0
yonkyoungk,ojodaboniven,1.0
yonkcheese,subschfess,1.0
yoenny141,sbmptnfess,1.0
yodamie,rjcollect,1.0
ynamsaeng,schfess,1.0
yesikapesetah,zenius_oliv,1.0
yesikaann,ambisfs,1.0
yerinnykim,doykimm_,1.0
yennovianti,birthdayboyjjen,1.0
yellingoutt,schfess,1.0
yellingoutt,anotheroficha,1.0
yeaaaaa1234,jgukdior,1.0
ydelfay,tresno_arto,1.0
yceagers,sbmptnfess,1.0
yayoungiee,annung1717,1.0
yasyas878,cuwprint,1.0
yasukseslah,shoxella,1.0
yaspip,gerimisdingin,1.0
yantoyamazaki,schfess,1.0
yantoyamazaki,peetassbread,1.0
yaaainisiapa,schfess,1.0
xyzstdy,subschfess,1.0
yournaddy,schfess,1.0
yoursiriusss,schfess,1.0
yoursunnshine_,schfess,1.0
zen_kakyuni,classimoon,1.0
zenambis,guemuk,1.0
zenambis,gapyearfess,1.0
zenambis,friantobasuki,1.0
zenambis,floerlilsuns,1.0
zenambis,evanescenzt,1.0
zenambis,cutieasv,1.0
zenambis,bonjouvr,1.0
zenalolosutbk22,pengenits,1.0
zen_kakyuni,zeeuze,1.0
zen_kakyuni,ursaturnss,1.0
zen_kakyuni,rutoothings,1.0
zen_kakyuni,rachelamnd14,1.0
zen_kakyuni,edennorthe,1.0
zen_kakyuni,affogadto,1.0
ysputri__,nanadngambis,1.0
zeeuze,subschfess,1.0
zeamayis,prettysellerapk,1.0
zarschev,schfess,1.0
zalfayre,hilycious,1.0
zainumzahran,sbmptnfess,1.0
yyours_s,schfess,1.0
yutachtien,sweety0ngg,1.0
yungnikiii,sbmptnfess,1.0
yungnikiii,sabdaps,1.0
yukbisasemangat,schfess,1.0
yukbisasemangat,gaizkahaha,1.0
ytanakamo,physiciansoon,1.0
ytaeluvv,kokoradenmogu,1.0
tweetislamii,txtapaadanya,1.0
tupfai,cryptosanthoshg,1.0
tubatu_addicted,schfess,1.0
smootiess,raraakunambis,1.0
slytherxie,utbkfess,1.0
slvirsa,maujadiorkay,1.0
sltupid,convomfs,1.0
slasherkids,horribietakes,1.0
skyxlily,sbmptnfess,1.0
skywithluvya,bertanyarl,1.0
skyofjava,sbmptnfess,1.0
skiesonyou,sn6tn,1.0
skiesonyou,sbmptnfess,1.0
siyfrnaaa,sbmptnfess,1.0
siriuuvs,subschfess,1.0
siodys,subschfess,1.0
singkitdiary,subschfess,1.0
simp4nb,sbmptnfess,1.0
simanullangboy,miraclesitompul,1.0
silverqueern,subschfess,1.0
silverqueern,janrinj,1.0
sichengurl,potatoesavire,1.0
siailan,pshstudy,1.0
siabongx_,pearll_y,1.0
shourtcakee,moonstarslin,1.0
shourtcakee,gapyearfess,1.0
shourtcakee,gabutpipell,1.0
shotarozaki,schfess,1.0
shny03,polcanisme,1.0
shiruunz,sabdaps,1.0
shirayuri0616,jpfbase,1.0
shinsukqe,niksrot,1.0
shineeyo0pie,smkfess,1.0
smileveryydayy,nyawmiazks_,1.0
sntyche,numdeysix,1.0
tsavahna,subschfess,1.0
sofciety,terrciduk,1.0
sszvize,ambiss17,1.0
sstudyaddict,schfess,1.0
sstrnice,sbmptnfess,1.0
sstrnice,rifaa_fitria,1.0
sss_aeri,subschfess,1.0
sss_aeri,schfess,1.0
ssophrosynee,sbmptnfess,1.0
ssophrosynee,gapyearfess,1.0
ssophrosynee,acciostoreofc,1.0
sshapiera,brown_suugaar,1.0
ssearrahh,bertanyarl,1.0
sscarletsk,pudusmollie,1.0
ssahyaa,azaleyyaa,1.0
sriwijaya_bsnjo,schfess,1.0
squisholic_,schfess,1.0
sptzkyh,bertanyarl,1.0
sparklingbub,schfess,1.0
spajabole,subschfess,1.0
spacdust,schfess,1.0
sourcerries,polkacoma,1.0
sotoooayammm,ayamtaru,1.0
sorrelsoup__,thereseclaire_,1.0
sorrelsoup__,sabdaps,1.0
soontobegamada,subschfess,1.0
soodam_husband,schfess,1.0
sondesyip,sapirbluu,1.0
somethingsw33tt,sbmptnfess,1.0
sombhonkamat,seapeachys,1.0
solehabknsolime,schfess,1.0
shineambis,shourtcakee,1.0
shillamauits,clnactuaire,1.0
shiibbran,sbmptnfess,1.0
sheeeerinn,student_fess,1.0
lylackett,ehapayabingung,1.0
scndofwil,toralanguru,1.0
scndofwil,ambisfs,1.0
scmeru,whentheweather,1.0
schh22,subschfess,1.0
schareinjun,imyour_id,1.0
sbuxrecipe,schfess,1.0
sbm2022amin,kitty0413,1.0
sayyaswaaa,moothyea,1.0
sayangfk,sabdaps,1.0
sawoberrie,kataibugwcakep,1.0
saturnuszhra,utbkfess,1.0
satpam_kmplk,subschfess,1.0
satpam_kmplk,m0oorklee,1.0
sashsif,sbmptnfess,1.0
sasgantar,shbeiie,1.0
sasastudy,schfess,1.0
sara25284157,superd_ean,1.0
sanygah,ataehyeong,1.0
sandglassess,mybalwoon,1.0
samvisk,yyours_s,1.0
samuelwls,ahmadzakiyudin_,1.0
sampurasunc,convomf,1.0
sameenergy10,bertanyarl,1.0
salturnuss,schfess,1.0
salmastruggle,schfess,1.0
salm00wnz,subschfess,1.0
sakaumm,cittairlanie,1.0
saikaawa,little__soul,1.0
sedangberfiqir,pecintalatte__,1.0
sedikidnormal,aurellovee,1.0
sedikidnormal,chiayouu,1.0
serenadefor_2,subschfess,1.0
shcinji,utbkfess,1.0
shayeerah,vicegirl98,1.0
sharon_zenius,theonlyokti,1.0
sharon_zenius,schfess,1.0
sharon_zenius,sbmptnfess,1.0
sharon_zenius,gaaragtng,1.0
sharon_zenius,dyoovr,1.0
shallmeet_loey,premding,1.0
shaaturday,httpsvanes,1.0
sftraaa,sbmptnfess,1.0
settuce,yesiamjasmin,1.0
setannlucky,jinnieatr,1.0
serinshi,madubenkyou,1.0
seputartopik,schfess,1.0
sedikidnormal,peachyypickle,1.0
septgvy,stomatcha,1.0
senseodie,schfess,1.0
seminggulagi,owrientasi,1.0
semestajenuh,schfess,1.0
semangkabulan,convomf,1.0
semangattbljr22,teumeambis,1.0
semangattbljr22,subschfess,1.0
semangattbljr22,enaqtauuuuu,1.0
semangatinakuw,schfess,1.0
selpiaap,sshzzxy,1.0
sehunnshinee,schfess,1.0
sedikidnormal,subschfess,1.0
sedikidnormal,schfess,1.0
sszvize,strawberychocoo,1.0
stabesson,schfess,1.0
stardustzr,convomfs,1.0
swwhun,delightfulight,1.0
tetsuuuuuw,bapakdomba,1.0
tetesown,schfess,1.0
tesatesatesaa,schfess,1.0
tersahisahi,yedamsmate,1.0
tenriyyy_,schfess,1.0
tengkyuneks,jennstudy,1.0
tembemv,ssefnum,1.0
telorcepiog,txtuhy,1.0
teccasdsmp,ffoodfess,1.0
tebaksiapayo,risoljamur,1.0
teafunnygeez,schfess,1.0
taureqn,convomf,1.0
tatahhaha,subschfess,1.0
tanfullsun,subschfess,1.0
tanannnoctavia,namaewanaori,1.0
tagovailoa_,adhipramonooo,1.0
taewzrd,lyuvjigguk,1.0
taemybby,kebongean,1.0
taeexyz,sukedelai,1.0
taeexyz,moothyea,1.0
taeexyz,dreamnforward,1.0
taeexyz,canwehvebutter,1.0
taebearys,noctekv,1.0
taebearys,kbpenyintas,1.0
taebearys,enhypen_members,1.0
taaannntann,itzaixovvy,1.0
t1l9t81,1r481n,1.0
sygarpl,sbmptnfess,1.0
syawalyani,subschfess,1.0
tetsuuuuuw,mekyungsui,1.0
tetsuuuuuw,schfess,1.0
thaichans,plummywrld,1.0
tinibinnie,rintarouzie,1.0
tsavahna,rabiebz,1.0
trlsribosomm,bertanyarl,1.0
trealogy,gabisamupon,1.0
trashytribute,sbmptnfess,1.0
topiksemalam,komorebby,1.0
tootime2time_,baseumum,1.0
tomioxa,schfess,1.0
tolonksaltyinaq,schfess,1.0
tokopedisa,accountantz_,1.0
tokopakagus,thepurpletshirt,1.0
todayis_eyen,schfess,1.0
todayis_chaaa,schfess,1.0
tnkbell12,bertanyarl,1.0
tingkiwingki21,helloyoon4,1.0
thatsruffbuddy,sbmptnfess,1.0
tikusblonde,schfess,1.0
tidakputusasa_,tubirfess,1.0
tidakbolehmalas,schfess,1.0
thrigonometri,ambisfs,1.0
thndpnpgnkuliah,nisnotes,1.0
thewinner_03,itzjaraaa,1.0
thesunwillbeam,sbmptnfess,1.0
therebahan,schfess,1.0
therebahan,petervangils7g1,1.0
theqids,schfess,1.0
theodore_rjndr,schfess,1.0
the_bluessky,bertanyarl,1.0
the2nd_kira,sabdaps,1.0
syahrianhaekal,sabdaps,1.0
sweetzjunhui,schfess,1.0
starfdust,schcampus,1.0
sweetydoughnut,sbmptnfess,1.0
studyima,ambizwithucup,1.0
studyfaaaa,imamazingrn,1.0
studyeuph,hotmaanparis,1.0
studydies,rheanjunn,1.0
studybudddy,studysyx,1.0
studyayle,summearry,1.0
studyayle,schfess,1.0
studyasfuck,schfess,1.0
studstudiee,schfess,1.0
studstudiee,fatiaaqila,1.0
studiiy,sbmptnfess,1.0
studiesrn,cherambiss,1.0
studiehart,sbmptnfess,1.0
studiberries,schfess,1.0
studaccanggi,schfess,1.0
strippyn,schfess,1.0
straykdzchan,wheeinnnnn,1.0
strawbeeried,sbmptnfess,1.0
strawbeeried,jeeejeeejee,1.0
stinkyiss,subschfess,1.0
stinkyburgers,vanyazzahra,1.0
stilltryingplss,forambis,1.0
stilltryingplss,divvla1,1.0
stillaliveye,bertanyarl,1.0
stfux13,subschfess,1.0
stazzmon,mencobarajinn,1.0
stayrmg,siscakolh,1.0
starsshineee,schfess,1.0
starlight_ok,subschfess,1.0
studyiren,sdoodioo,1.0
studynamitee,hooneyeol,1.0
studynowproud,selpiaap,1.0
sunleaky,sabdaps,1.0
sweettaroo,sbmptnfess,1.0
sweetbrownice,sabdaps,1.0
sweetberrly,schfess,1.0
susujeruk1,sbmptnfess,1.0
sushitrashf,ohmyyunki,1.0
sushienaktauu,subschfess,1.0
suprmh00p,jaemcityx,1.0
supercuriouss,schfess,1.0
sunshinepily,crispyfairy,1.0
sunscentsp,zenius_oliv,1.0
sunnymoondaay,schfess,1.0
sunndaylight,rakyatasgard,1.0
sunmolor,ddumbiie,1.0
sun6flower_s,convomf,1.0
studywithcika,urmatchaw,1.0
sukacanduu,greencha__,1.0
sugasecretary,schfess,1.0
sugarroar,keiilahaha,1.0
suckcietyy,sbmptnfess,1.0
suckcietyy,nectarwalk,1.0
suckcietyy,bertanyarl,1.0
subeeobin,4thgenitboyjun,1.0
stwufdy,studyfess,1.0
stvdyca,stufffzx,1.0
stupid_medstud,schfess,1.0
studyyeay,schfess,1.0
studywystar,dreamerstudyy,1.0
studywithsa,subschfess,1.0
mabaygbukanmaba,sbmptnfess,1.0
ljystudz,ccherrychuu,1.0
lya_jpark,schfess,1.0
cimycatha,preciousjh17,1.0
ciaooo000,englishfess_,1.0
chymmynie,schfess,1.0
chrssss_,zenius_oliv,1.0
choxco,schfess,1.0
choppharo_,sbmptnfess,1.0
chiayouu,panggilajazul,1.0
chewmist,schfess,1.0
chemphysicsuck,subschfess,1.0
chemissu,sbmptnfess,1.0
chemiseutry,schfess,1.0
chemicalphobyc,sbmptnfess,1.0
chelsstudy,schfess,1.0
chawmomile,yeonbwin,1.0
charmingdrac0,sbmptnfess,1.0
chaotichoes,drunkerthink,1.0
chanlsty,solelytolove,1.0
chaniechaniee,nadsunoo,1.0
chandeluna,aulion,1.0
chalkyrie,sbmptnfess,1.0
chachaatdy,urmarklee99,1.0
cfcboks,subschfess,1.0
cewebaik_,utbkfess,1.0
cestmoiadenn,kejuricheeze,1.0
centivl,echaml__,1.0
centacea,dairysambatanku,1.0
cemangatyu,subschfess,1.0
cellacakes_,zeniusambis,1.0
ccknwia,toralanguru,1.0
cciwworr,schfess,1.0
ciggaftermeal,anggurmaroon,1.0
cimycatha,utbkfess,1.0
craetaceus,kogassi,1.0
cinambis,subschfess,1.0
crackegg2,ukuuu4,1.0
cosmiciattte,ambisfs,1.0
cordeliaspicy,lovlyxmg,1.0
coralynne9,bertanyarl,1.0
coralandsummer_,desieeci,1.0
comeandxoxo,cowtoonn,1.0
colourofskyyyyy,sbmptnfess,1.0
cokelataro,notge0n,1.0
cokelataro,clorophhyl,1.0
coelenterataa,schfess,1.0
coaceiia,pemudalusi,1.0
clumsyoe,koaqlaa,1.0
clownhater0,subschfess,1.0
cloudyjen00,chendellion,1.0
cloudissie,schfess,1.0
cloudishlly,caastudyy,1.0
cloud1xd,jonelis__,1.0
clorophhyl,subschfess,1.0
cleyopatttra,subschfess,1.0
cleyopatttra,schfess,1.0
clevereonjwin,subschfess,1.0
cleolearn,subschfess,1.0
claudeloey,subschfess,1.0
classimoon,geulisgurl,1.0
clarvrisa,subschfess,1.0
cjreamy,lalaloveyy__,1.0
citacitatercpai,taeexyz,1.0
cipastuds,soonkissad,1.0
cingkiya,schfess,1.0
ccermide,schfess,1.0
cccloudyjeon,subschfess,1.0
catyow,utbkfess,1.0
catsenja,smkfess,1.0
byunpov,gummst,1.0
byunpov,cwangtip33,1.0
byunpov,bucincimolll,1.0
byunpov,billstudyy,1.0
byunpov,aurellovee,1.0
byunpov,alverailee,1.0
byeohlogee_,utbkfess,1.0
burlywoodie,ocxtober,1.0
bungatidurrr,bertanyarl,1.0
bungaaftr,sabdaps,1.0
bumbushashaa,sunceaura,1.0
bumbubucin,subschfess,1.0
bukanjinqorin,schfess,1.0
bukan_siapa2moo,azaleyyaa,1.0
budimanyuman,simulasiku_id,1.0
budikur87744640,schfess,1.0
bucinsungjin_,schfess,1.0
bucincimolll,anak___gembala,1.0
buciinbelajar,liaambis_xx,1.0
buburbayiracer,akueflin,1.0
bubleteah,aulion,1.0
btcshsopps,subschfess,1.0
brrr0110,yeyyzwiee,1.0
browniefluffy,sbmptnfess,1.0
boutjinan,reginallegra,1.0
boutjinan,itscammila,1.0
boutfairy,dygnit,1.0
bosriyan,andrigunardiii,1.0
borjuisociety,coeursea,1.0
byunpov,hiyifa,1.0
byunpov,imgoingsollolo,1.0
byunpov,kiciwsaurus,1.0
cactusoi,schfess,1.0
canwehvebutter,user0014297,1.0
canwehvebutter,schfess,1.0
canrelatte,utbkfess,1.0
canisminorids,schfess,1.0
canduslowmotion,nashiayamgeprek,1.0
camillaallif,schfess,1.0
camabaugm22,sabdaps,1.0
calonmaba111,whentheweather,1.0
callmettaaa,siifkkmk,1.0
callmeoty,taulusgerl,1.0
callmekelee,subschfess,1.0
cal0npacarmuuu,convomf,1.0
caffeinewin,subschfess,1.0
cactuls,elleriour,1.0
byunpov,luccretia,1.0
caastudyy,cloudishlly,1.0
caandyyliciouss,subschfess,1.0
byunsofttea,doyrencute,1.0
byunpov,wwirlddst,1.0
byunpov,voriiel,1.0
byunpov,vminenths,1.0
byunpov,sweettaeev,1.0
byunpov,starrjee,1.0
byunpov,scaryxxna,1.0
byunpov,sbmptnfess,1.0
byunpov,reginastnteh,1.0
byunpov,maublajar,1.0
byunpov,lyoura04,1.0
crackyclouds,subschfess,1.0
creamycinz,hajimaaaaaaah,1.0
fangrun1ns,sbmptnfess,1.0
elrasr,pxercys,1.0
eleanor_park7,legendaryarrow1,1.0
elaboarte,convomf,1.0
ekonomiui,subschfess,1.0
ekaltfinurazizh,cottonwools,1.0
ekacans__,schfess,1.0
eiydenist,adelaydens,1.0
eileithsia,schfess,1.0
ehapayabingung,subschfess,1.0
egkjlsinisp,schfess,1.0
eduteaa,future__medstud,1.0
econoona,yantoyamazaki,1.0
economixyz,subschfess,1.0
echonomically,schfess,1.0
echanensiti22,ttlindonesia,1.0
echanensiti22,sbmptnfess,1.0
echan_dongsaeng,preciousjh17,1.0
e_markeu,schfess,1.0
dzuldarojah80,edukasystem,1.0
dwiarts,schfess,1.0
dwiarti22,jeromepolin,1.0
dwianjanihast,elisabetguwanto,1.0
dukunsanted,schfess,1.0
dudududuruddudu,sbmptnfess,1.0
duckvies,convomf,1.0
duaperdua,nesruneos,1.0
dsweetpromises,schfess,1.0
drugity_,bertanyarl,1.0
drowneast,serotoniyn,1.0
drimzie,ryvjinswag,1.0
elprofessorr_,sbmptnfess,1.0
elysianbounds,schfess,1.0
creepersteve13,saikaawa,1.0
embunpagikinant,jeromepolin,1.0
fajriea_,aaaaaaaaaa0022,1.0
fajarsuryadew,mofaisalakbar,1.0
faitinggg,englishfess_,1.0
fairyssom,convomf,1.0
fairynayaa,convomf,1.0
fairym3rs,n00teskuas,1.0
fairyluvie,xxswr_,1.0
fadilajadeh_,mikeymantji,1.0
fadeleesss,audorebel,1.0
fadelabdh_,adhipramonooo,1.0
faazaaxx,schfess,1.0
exactlyexact,obsidiaine,1.0
evimrsh_,lmansa3,1.0
everywwon_woo,dekapanfiksii,1.0
everyone_wooooo,dekapanfiksii,1.0
euvoria_,schfess,1.0
eunsang_pikri,viraanih,1.0
eunheeberries,xkeyzia,1.0
eunheeberries,nytrika,1.0
etherealhc_,schfess,1.0
estehpanasding1,sbmptnfess,1.0
estehpanasding1,glossiebubs,1.0
est_studacc,subschfess,1.0
esbobataro,privateboba,1.0
erikasalsabl,itsyogirlsjaoe,1.0
ereszone,sbmptnfess,1.0
equinoxeros,bertanyarl,1.0
enginestud,tryingmabestt,1.0
emnggr,sbmptnfess,1.0
dreamnforward,sbmptnfess,1.0
dreamislie_,sbmptnfess,1.0
doyoungkim_10,chitaglorya,1.0
doyoane,fulixlee,1.0
deellyyn_,subschfess,1.0
dedeuk,convomf,1.0
deasanasya,subschfess,1.0
deact1ve,sabdaps,1.0
ddoraex,schfess,1.0
ddeongwush,momotanwelo,1.0
ddeongwush,chercheeri,1.0
dayxu8_,homerunballcola,1.0
daveesjar,subschfess,1.0
dat00slove,kerelllen,1.0
darqolate,lovestozad,1.0
darknessfourr,flyingkucing,1.0
dansedansee,sharon_zenius,1.0
dankematian,schfess,1.0
dailyxhitpost,englishfess_,1.0
d1nosauruss,nuancesize,1.0
d1nosauruss,kookstillbby,1.0
cvpscake,convomf,1.0
cutieb00n,subschfess,1.0
culameetan,schfess,1.0
cucudokja,andalasfess,1.0
crystaliese,schfess,1.0
crynindenyt,ooreki_,1.0
cruuciio,sbmptnfess,1.0
crustaceaee,sbmptnfess,1.0
crmlcrushh,sbmptnfess,1.0
crlstudy,ambisstudd,1.0
crit_effect,_pixlsugr,1.0
crispyfairy,sunshinepily,1.0
definitelybila,caramelleah,1.0
delapus11539704,subschfess,1.0
deluziee,xxnabilaaz,1.0
distracsi,convomf,1.0
doyiieekim,schfess,1.0
doychanna,pcychnyeoll,1.0
downytigarasa,rintdou,1.0
dosiejogja,5pm53mins,1.0
doounnn_,schfess,1.0
dooty1016,schfess,1.0
doodidaa,sabdaps,1.0
djx_dejuna,schfess,1.0
djunaxxy,mabngo,1.0
divlagibelajar,rarambis,1.0
diveinkyoto,schfess,1.0
diterimafkui,minewithmine,1.0
ditakim_,sbmptnfess,1.0
diritwit,moonwisherx_,1.0
deskiafp,schfess,1.0
dipmintae,schfess,1.0
dinowin_,sabdaps,1.0
dini82661,bucincimolll,1.0
dinginluplup,jeromepolin,1.0
dindumps,dekapanfiksii,1.0
dinasigoreng,peachyeuuu,1.0
dimdamzz,sabdaps,1.0
didodiei,schfess,1.0
dhownzy,convomf,1.0
dhiapakeh,zenius_oliv,1.0
dewiles40958597,utbkfess,1.0
detavyx,schfess,1.0
destiactrr,azaleyyaa,1.0
boncabeteri,schfess,1.0
bolpoinw,stanmenfess,1.0
bocilnihbos,bertanyarl,1.0
ambisfebui2022,subschfess,1.0
ambiezallday,studyyarea,1.0
amazinkkkppl,subschfess,1.0
am0yie,subschfess,1.0
am0licano,jaeminnuaing,1.0
alyeolmae,schfess,1.0
alyawkwkwk,afaqihaa_,1.0
alvinbaj,iwuffyouuuuu,1.0
alvinbaj,babyavocuddle,1.0
alvernim,richslacker,1.0
alonevrydy,schfess,1.0
almondmilkies,cursedkidd,1.0
allyaazara,schfess,1.0
alluireme,schfess,1.0
alloeverea,brwniesz,1.0
alletsacc,luckeenreech,1.0
aliyyonggs,sabdaps,1.0
aliyyonggs,kalkulus1a,1.0
alfanda_14,dowoonderfull,1.0
akuuuuuuily,vychologist,1.0
akutaurifky,luvinfaisy,1.0
akutaurifky,azijik,1.0
akusyngdoraemon,cocooteee,1.0
akunyolot,bertanyarl,1.0
akunperjuangani,sbmptnfess,1.0
akunnyaaca,sbmptnfess,1.0
akuambisswoyyy,schfess,1.0
akbar__kun,askrlfess,1.0
ajustforanya,makeuvilm,1.0
ajiaji032,pshstudy,1.0
ambisbesok,sabdaps,1.0
ambiskuu,hmzhfzn,1.0
bocilmakji,purplishdaisy,1.0
ambisliciouss,humancarrot_,1.0
anggitarchive,momonih,1.0
angelyxc1,fk22amin,1.0
andrigunardiii,azijik,1.0
andikaprayogo17,gapyearfess,1.0
andez_c_f,partaisocmed,1.0
ancoraimparo___,annisahumairap,1.0
anazureine,schfess,1.0
anazureine,sbmptnfess,1.0
anamambis22,sbmptnfess,1.0
anak___gembala,bucincimolll,1.0
amsterdamlaf,utbkfess,1.0
amsterdamlaf,remostra,1.0
amsterdamlaf,cursedkidd,1.0
amourksw,h9o3n,1.0
amortenntia,schfess,1.0
amersyu_,schfess,1.0
ambverss,likamarkeu,1.0
ambverss,jisoooap,1.0
ambverss,devliaon,1.0
ambverss,chanshuh,1.0
ambverss,aurellovee,1.0
ambizeee,http4le,1.0
ambitiounman,sbmptnfess,1.0
ambistidurr,utbkfess,1.0
ambisstudd,cluvdiigirl,1.0
ambisssaaa,billah_bambu,1.0
ambisssaaa,atypicali,1.0
ambisss1,subschfess,1.0
ambispgnfk,schfess,1.0
ajelyabavissa,yoripioangln_,1.0
aj3_n0,errichoco,1.0
aishksoodo,ddaekhyunsooxz,1.0
aiseeeya,subschfess,1.0
aamiinpsikologi,willbeokay22,1.0
aagoyoga,sbmptnfess,1.0
_sellaturcica_,hikmamen,1.0
_scenerys,sabdaps,1.0
_nrlailaarh,sbmptnfess,1.0
_nocturnalism,goldenmilestone,1.0
_lunar25_,sbmptnfess,1.0
_lunar25_,curlytaetae,1.0
_karashaa,knjsbrain,1.0
_dxlsd,sabdaps,1.0
_clarastorm_,aufambis,1.0
_am4x_,malecca,1.0
__virago__,namseinugu,1.0
____meenn,schfess,1.0
97washere,convomf,1.0
90schan_,schfess,1.0
8ccola,student_fess,1.0
7orupiah,sbmptnfess,1.0
4thgenitboyjun,subeeobin,1.0
24sheesh,pxercys,1.0
2022camaba,schfess,1.0
2022camaba,prkdlx,1.0
2022akpol,bilasukabelajar,1.0
2021jdmaba,sbmptnfess,1.0
1navihd,schfess,1.0
1999chyunsuk,hjwntbe4,1.0
1975nk,subschfess,1.0
17o74,chzyfrap,1.0
1204s0s,pillowyarna,1.0
abccccika,schfess,1.0
abcdefglsya,dontfhanique,1.0
abcdreaam,schfess,1.0
aeranaa,obsidiaine,1.0
aimamamia,ibubaubiskuit,1.0
ailuvmaself_,imcookiess,1.0
ailofmalyfe,nyeondy,1.0
ahmadhafidzs,dark_sky_walker,1.0
ahdwik__,hali_halaa,1.0
aguskusuma110,wicaksanaas,1.0
aguskusuma110,anakibubapak2,1.0
agungstyngrh,stanmenfess,1.0
agracelly,schfess,1.0
agismaulana_,hhhhhaikamu,1.0
afprodit,piwchicks,1.0
afnesfisnanda3,fagyumi,1.0
aestheshal,schcampus,1.0
adyiaar,sbmptnfess,1.0
abhin54112978,sbmptnfess,1.0
adoremiyas,dainchou,1.0
adoracale,cipuyh,1.0
adindakyuti,historiye,1.0
adindadinduy,sbmptnfess,1.0
adeoxxtxs,parisuburbs,1.0
addicttophysics,schfess,1.0
adaicaa,berjualanfess,1.0
adaajeyekan,schfess,1.0
achmadfajar_p,nuhisiryi,1.0
acciostoreofc,ssophrosynee,1.0
acciostoreofc,bertanyarl,1.0
accioiiviaa,cittairlanie,1.0
abilambis,syifakyung,1.0
angkel_mutu,sbmptnfess,1.0
aniesbaswaras,sbmptnfess,1.0
anightthinker_,schfess,1.0
baekhyvna,jaewkids,1.0
bibblefly,shlghtsun,1.0
biancallysta_,schfess,1.0
bestjpboy,bang_garr,1.0
berusahangambis,vithzee,1.0
berprosess_,itsmechelllllll,1.0
beolkucing,utbkfess,1.0
believinmine,itsmekirena,1.0
belajarkui,ambisfs,1.0
belajarhey,utbkfess,1.0
belajardong_,itsmechelllllll,1.0
bekasisupremacy,r4bbiiit,1.0
begatdang,zenutella,1.0
beetchytrinity,rasberia,1.0
bebasdaritmnrl,sbmptnfess,1.0
beautiesoull,bertanyarl,1.0
bealajar,felstudypage,1.0
bcsyoucan,subschfess,1.0
bbstrawberry25,schfess,1.0
bbangmintonn,jihyeongsanim,1.0
bataraputra02,sbyfess,1.0
bas0goreng,r4bbiiit,1.0
banqkrut,r4bbiiit,1.0
bangtanlves,taekooksmochie,1.0
bandottp,subschfess,1.0
banaspatidingin,aammmmaarrrr,1.0
banannauyu,subschfess,1.0
bamtory2,akukarmaloh,1.0
balsemgoreng,subschfess,1.0
baestudyy,jaeminstudy,1.0
bibigohoonie,convomf,1.0
bigwinnkuy,ezclipzieee,1.0
biiruuuuu,schfess,1.0
blueshintarou,sunnshinw,1.0
bocilbodo,sbmptnfess,1.0
bobll_,sweettaeev,1.0
bobarlgrs,schfess,1.0
bnxamilkoo,lyuvjigguk,1.0
bnauree,vitamiiinc_,1.0
bnauree,gabysatidur,1.0
bnauree,asyaralanyar,1.0
bnauree,1975nk,1.0
blxndthematcha,winterpocas,1.0
bluwberiy,puttrrrri,1.0
bluveriz,suckspears,1.0
bluonyourm_,sbmptnfess,1.0
blueyezyz,honeylitdafire,1.0
bluelowsh,schfess,1.0
billie__sky,mabauiaamiin,1.0
blueewyy,schfess,1.0
blucchis,bertanyarl,1.0
bljr30mnit1hari,schfess,1.0
bljr30mnit1hari,sbmptnfess,1.0
blacksweetieezz,rnalsr,1.0
blackmantaaa,sbmptnfess,1.0
blackmantaaa,rifaa_fitria,1.0
bjyxxxxx20,subschfess,1.0
biyeldaily,convomf,1.0
bismillahbisaye,schfess,1.0
biskuitimtam,zenius14,1.0
biokatalis,himmelunderde_,1.0
bintanngggaja,xcreddkanaartha,1.0
baekieexohyun77,__wulwiddd,1.0
baealiel,schfess,1.0
anisa01248323,bertanyarl,1.0
badp3ople,subschfess,1.0
atomhidrogen1,97sthinqs,1.0
atlantijs,subschfess,1.0
asyaralanyar,sabdaps,1.0
asvsrvcrz,bertanyarl,1.0
astheroidss,koebisik,1.0
asliceofcheese2,sbmptnfess,1.0
asheillette,schfess,1.0
asdfghjklhftt,xpapermint,1.0
asdfghjklhftt,loosealive,1.0
asdfghjklhftt,icecreamm_21,1.0
aruufilpe,midheavenn_,1.0
artlerto,soumetsuu,1.0
arsyubvs,ambisfs,1.0
arshjch,schfess,1.0
arrazirafi,sabdaps,1.0
arnggives,aishaviadini,1.0
arloaddict,schfess,1.0
arkxnk,miniematrix,1.0
aresvvv,subschfess,1.0
aresvvv,schfess,1.0
archiv8ste,convomfs,1.0
archiena_,kimdokjaist,1.0
apriliaekadmynt,sbmptnfess,1.0
apfytn,hiyifa,1.0
apalo_cari2gw,schfess,1.0
aourly,lecbah,1.0
anyasllbenar,evanescenzt,1.0
anyaacube,ontinyawagyu,1.0
anthophiile,bertanyarl,1.0
atomhidrogen1,aurellovee,1.0
atomhidrogen1,avoucadoei,1.0
audiiiee,sbmptnfess,1.0
ayayayanaon,sabdaps,1.0
badp3ople,schfess,1.0
badp3ople,duniadatar,1.0
badp3ople,aracarbonaraa,1.0
backtomeyay,sabdaps,1.0
babigurlsss,sayaadatugas,1.0
b1ntang0rion,sbmptnfess,1.0
b0kepindo,r4bbiiit,1.0
azwastuds,ulinnastudycrnr,1.0
azibiasaaja,sbmptnfess,1.0
azaleyyaa,tubirfess,1.0
ayyaafyu,convomf,1.0
ayukawaifu,kontoreuu,1.0
ayosmgtt,schfess,1.0
ayangiesicheng,raluey,1.0
audorebel,__moonglade,1.0
ayamras,ambisfs,1.0
awrllll,studybooster1,1.0
awngantukbanget,schfess,1.0
awjaybcutie,monobuns,1.0
awesomekyung4,sbmptnfess,1.0
awcitrun,schfess,1.0
awcitrun,hineptunus,1.0
awcitrun,alehaleeee,1.0
avarialeh,mikacaackerman,1.0
auliasa44996530,sbmptnfess,1.0
audorebel,sabdaps,1.0
audorebel,fadeleesss,1.0
audorebel,bertanyarl,1.0
fancykiddos,subschfess,1.0
faniix1,raeambisbesok,1.0
lveajpark,convomf,1.0
junepiyaw,schfess,1.0
jualanmurcee,cutiebrowniee,1.0
jqblay,isnturfauit,1.0
joonnyoung,pattraonite,1.0
joonnyoung,mseoia,1.0
jollymarkjaem,kinderrry,1.0
joereoo,taekyootie,1.0
jlopeu,markiet__t,1.0
jjwimim,eazypol,1.0
jjkslof,schfess,1.0
jjhnayy,schfess,1.0
jjapchaee,subschfess,1.0
jjaooi,subschfess,1.0
jiwoonstudy,jjeonsbae_,1.0
jinsuyya,schfess,1.0
jinnymine,ndess_5,1.0
jikook_coty,lyuvjigguk,1.0
jijuljujil,askrlfess,1.0
jihanbelva,subschfess,1.0
jihanbelva,scftsmiley__,1.0
jiebutterflies,thingaboutsa,1.0
jidatkaoru,1204s0s,1.0
jichanxm,schfess,1.0
jesstjakep,txtapaadanya,1.0
jesstjakep,schfess,1.0
jessiediary_,sppacg,1.0
jesjeurs,schfess,1.0
jeramimemanggil,iiidih,1.0
jenojohayo,sbmptnfess,1.0
jenoactrus,studyfess,1.0
jualanmurcee,subschfess,1.0
junepiyaw,subschfess,1.0
kerjarhodey,schfess,1.0
junggjaejhyun,beianjafess,1.0
kenmaniichan,smkfess,1.0
kenapagitudeh,iamgoodg1rl,1.0
kekapasii,mowgyli,1.0
kejuloml,mandaredvlvt,1.0
keihju,preciousjh17,1.0
kedelaiiii,sbmptnfess,1.0
kecoayeppo,schfess,1.0
ke127an,sbmptnfess,1.0
kdoydoyi,vkfluffy,1.0
kdoydoyi,subschfess,1.0
kdoydoyi,scalliyn,1.0
kdknandasanjaya,sbmptnfess,1.0
kcokomi,sbmptnfess,1.0
kceshi,sangjaei,1.0
kayibek,meanie614,1.0
katakmengeong,subschfess,1.0
karyacemas32,smkfess,1.0
kangambisd,schfess,1.0
kamobelajar,schfess,1.0
kaleiea,laravonne,1.0
kadalbuntunc,ilhmtqn,1.0
k_wono1,subschfess,1.0
k4naworld,primizzyy,1.0
justnormalgurll,rohaehaa,1.0
justclaiee2,kookiesnminily,1.0
justcallmena_,sbmptnfess,1.0
junnidette,bedakbaby_,1.0
junjunhug,bertanyarl,1.0
junggjaejhyun,schfess,1.0
jenoactrus,jie_noona15,1.0
jennstudy,schfess,1.0
jennietwin,gapyearfess,1.0
jenmarkcart,jeongyunoaddict,1.0
itsphysics_,zenius_oliv,1.0
itsmechelllllll,subschfess,1.0
itsjssiidh,subschfess,1.0
itsjenarin,bertanyarl,1.0
itsfalana_,sbmptnfess,1.0
itscammila,mjskud,1.0
itscammila,funnytummy_,1.0
itsaeril,schfess,1.0
istrikmdirumah,schfess,1.0
isno_prplee,prkdlx,1.0
isnaeni_alya,utbkuy1,1.0
irdaeliana,an0therplace7,1.0
ipuung9,cittairlanie,1.0
inumakitogel,schfess,1.0
insyaallahambis,subschfess,1.0
insdomie,cocoaaddict01,1.0
inisyanaa,ambisfs,1.0
inisambataqis,bbkjhy,1.0
iniprastyi,schfess,1.0
inikayeshaa,subschfess,1.0
iniakunaje,angspa,1.0
ineedywoody,centacea,1.0
indsane96,supermari00_,1.0
indrastunatu,itzjaraaa,1.0
indosatoshi,sabdaps,1.0
indomiejpg,schfess,1.0
indhrmdhnti,sabdaps,1.0
incesea,jihanpratikaaa,1.0
imyour_drum,edukasystem,1.0
itssayeshaa_,teresa_katarina,1.0
itswinz,parktaee_,1.0
itszaambis,ambisfs,1.0
jayeuzv,nanayoonaya,1.0
jenggalafana,teenagedimplezx,1.0
jelllyybin_,nyawmiazks_,1.0
jelazkrana,galliardapaapa,1.0
jekeywin,sbmptnfess,1.0
jejeletoy,ariesstudies,1.0
jejejesiee_,schfess,1.0
jejejesiee_,sabdaps,1.0
jehermione,smkfess,1.0
jeeejeeejee,sbmptnfess,1.0
jdsmee23,schfess,1.0
jcoodonut,subschfess,1.0
jbunhyeok,yeseoie,1.0
jaywonns,jjwonpark,1.0
jasminegetstud,sbmptnfess,1.0
itzjaraaa,sbmptnfess,1.0
jasmieennn,sbmptnfess,1.0
jakqesim,schfess,1.0
jagathraya,utbkfess,1.0
jaeuniiverse,jaemcityx,1.0
jaemysunshine,treasuremenfess,1.0
jaeminstudy,malkiesty,1.0
iwiclmy,sabdaps,1.0
ivbluesky,urmarkly,1.0
iuwacth,studywithsa,1.0
iucreciamh,schfess,1.0
itzyjuliia,froum_youngk,1.0
itzyforitzy,sbmptnfess,1.0
itzmintzly,banjavenue,1.0
keqingcult,tarodikulkas,1.0
kertaswangsit,iceeblue_,1.0
farihmuwaffaq,subschfess,1.0
ljskkkx,madamemoisse,1.0
liyoen_,nunanyawoojin,1.0
livsaja,schfess,1.0
listiatan,sabdaps,1.0
lisambis,purplishdaisy,1.0
lisambis,laperdh,1.0
lisacaper,zafranalts,1.0
lionhazelj,schfess,1.0
liltrasshy,subschfess,1.0
lilsunschenle,alohaguize,1.0
lightfu17,utbkfess,1.0
lightfu17,schfess,1.0
lightfu17,asteroid524,1.0
lightfu17,arulertx,1.0
lifrief,sbmptnfess,1.0
libr4tz,tragific,1.0
leviheijo,sbmptnfess,1.0
letskol,schfess,1.0
letskol,maribertemanptn,1.0
letsgooougm,cochoreo,1.0
letminolino,hwangghinaa,1.0
leohyuck,subschfess,1.0
legingmanohara,schfess,1.0
leelovemark,sbmptnfess,1.0
leaveff,lampungbase,1.0
learnisfun_,cavendishclark,1.0
learnforlifee,sabdaps,1.0
laylimsrh,anadisana,1.0
lawcobaambis,apatisx,1.0
lavendercrushed,gxjeias,1.0
lizzienoire,schfess,1.0
0rangsuccess,sbmptnfess,1.0
kes_stud,httpsvanes,1.0
ljystudz,qwertyaowk,1.0
lvckicst,dah____________,1.0
luwakarabika,laladanella,1.0
luvvuuuuu,subschfess,1.0
luvinfaisy,pecintalatte__,1.0
luvinfaisy,ahdwik__,1.0
luvieaes,schfess,1.0
luthfeeyaz,schfess,1.0
lushlovstyles,thepurpletshirt,1.0
lucutehere,xxeurekaa,1.0
luckvoita,schfess,1.0
lucaisya,lenharuuu,1.0
ltyruby,jonginidoie,1.0
ltaembrace,bertanyarl,1.0
lovlyxmg,mewchanics,1.0
lovemaze52,whentheweather,1.0
lovemaze52,sbmptnfess,1.0
lovelysa19,sbmptnfess,1.0
lovelifeyea,zenius_oliv,1.0
lovelifeyea,utbkfess,1.0
loucashton28,potatoesavire,1.0
lopyumath,diiyourbae_,1.0
loiddholpinle,ratoostudy,1.0
loeys00,fleurlvyn,1.0
loeydude,schfess,1.0
loeychinguuuuu,callafleurs,1.0
lmansa3,schfess,1.0
lkwrdh_,schfess,1.0
lkwrdh_,convomf,1.0
ljystudz,samarsekali,1.0
lavalafyu,sbmptnfess,1.0
lasfridaynightt,sbmptnfess,1.0
lanzhhan,ssefnum,1.0
lancarluncurr,schfess,1.0
kistude,writepng,1.0
kirapiee,saturddate,1.0
kindwly,sangjaei,1.0
kinanttan,schfess,1.0
kimtaejin31,twitims,1.0
kimsojungxne,sbmptnfess,1.0
kimniseo,ikimlp,1.0
kimjuncotton_o,amnbisius,1.0
kimgayooo,seenteaaa,1.0
kimdoieily,schfess,1.0
kimcheeesy,schfess,1.0
kimbumlaw,smkfess,1.0
kidranggi,bertanyarl,1.0
khonsanailahr,schfess,1.0
khongguanmerah,subschfess,1.0
khoirunisaazrr,bertanyarl,1.0
kharmelllya,alreadyxync,1.0
khalifakinayaa1,utbkfess,1.0
khalifakinayaa1,subschfess,1.0
khaistudy,tamakisse,1.0
khadjhz,sgrjjsbdakka,1.0
keyystudies,matchaawa,1.0
keyystudies,lawcobaambis,1.0
keyystudies,itsmechelllllll,1.0
keyystudies,farambiss,1.0
keyystudies,dyieren,1.0
keyystudies,ambisfs,1.0
keyystudies,adndnrd,1.0
keutychia,schfess,1.0
kittenbud,collegemenfess,1.0
kittokatsuuu,sbmptnfess,1.0
kittychart,ingenuze,1.0
kyaawan_,gapyearfess,1.0
lalastudyy,schfess,1.0
lalamayla_,schfess,1.0
lakoneaku,allhailtakashi,1.0
lagihbelajar,schfess,1.0
lagihbelajar,peoasus,1.0
lagbitch,sbmptnfess,1.0
ladadidaladida1,schfess,1.0
lacibollalaa,schfess,1.0
l0vchemist,chocooxz,1.0
kyuutiies,schfess,1.0
kyungbunnyy,schfess,1.0
kyralacs,nadhputrii,1.0
kylielipaann,maujadicrushmu,1.0
ky0dxpcc,alscheift,1.0
klandastine,schfess,1.0
kuyangexpress,schfess,1.0
kusukaleejeno,convomf,1.0
kuntoanjrit,schfess,1.0
kukukunae,ambisfs,1.0
kudaranay,genshinlokal,1.0
kuacipilihan,bakpiaww,1.0
kstoedy,fairiemind,1.0
kryangkedua,subschfess,1.0
kritstal,lunerpw,1.0
koyuudayo,annarukami,1.0
koranpagiii,collegemenfess,1.0
komikusmales,panggilajazul,1.0
koaqlaa,clumsyoe,1.0
imndinn,dripmonger,1.0
imkhsnh,schfess,1.0
imkhsnh,bertanyarl,1.0
greenteahazelnt,subschfess,1.0
gracefulei,aternusty,1.0
googiebulet,schfess,1.0
goenawan_dedi,schfess,1.0
godblesssmee,sbmptnfess,1.0
gngrii_,sbmptnfess,1.0
glxysea,ambisvinn,1.0
glitterjk_,subschfess,1.0
gliserole,zenius_oliv,1.0
glinteayeah,schfess,1.0
glazeud,jinwooeyesmile,1.0
glamoroustudy,subschfess,1.0
glamoroustudy,sbmptnfess,1.0
gladlynaya,moonareas,1.0
gksward23,navielbloom,1.0
gkprnhmnggvaway,schfess,1.0
gjlsyudah,themposition,1.0
gitarisbonjovi,aquayan_,1.0
gitaputriastari,keyystudies,1.0
gimmethestars,subschfess,1.0
gfhaechan_,bertanyarl,1.0
geprekimpor,subschfess,1.0
gemoihaechan,doyrencute,1.0
gemblengjaja,sbmptnfess,1.0
gembilgembulcom,schfess,1.0
geezrekk,schfess,1.0
geezmarklee,schfess,1.0
gbrl_pm,schfess,1.0
gausahtauuuuuuu,ordinatabsis,1.0
garistanpabawah,schfess,1.0
grecszeb,rachappy_,1.0
gresnolimit,hneeep,1.0
imeydaaa,ambisfs,1.0
greymacaroon,sbmptnfess,1.0
halusinasiberat,collegemenfess,1.0
hallooodenne,chemicalphobyc,1.0
halloakuester,sal_xzn,1.0
hajwjwje12,gapyearfess,1.0
hajaengwoo,zenius_oliv,1.0
haitsde,atypicali,1.0
haiiwaizumi,schfess,1.0
haevchanii,txtdarihunter,1.0
haejwani,pinkeuza,1.0
haedonggeuri,schfess,1.0
haechii_fullsun,convomf,1.0
haechan6600_,sbmptnfess,1.0
hadeuh47934950,patriciashaniaa,1.0
habbitsread,subschfess,1.0
h4dn1,utbkfess,1.0
gyuravity,subschfess,1.0
gyuravity,convomf,1.0
gyuravity,acahikun,1.0
gyruscinguli_,sbmptnfess,1.0
gyehunssi,eunhwilo,1.0
gutkkie,subschfess,1.0
gustity1,clarissajournal,1.0
gustity1,ambisfs,1.0
guojiia,chwlejisngy,1.0
guniepie,jumclal,1.0
guepemilikakun,schfess,1.0
gtwsypp,subschfess,1.0
growflyy,convomf,1.0
grooverko_,jpfbase,1.0
gapyear21,gapyearfess,1.0
gapaidreams,sszvize,1.0
gangamata_,sbmptnfess,1.0
ganesauroraa,bertanyarl,1.0
fordreamiess,jaemcityx,1.0
fogbround,schfess,1.0
flyngmoon1,subschfess,1.0
flymejk,schfess,1.0
flyfromhell,kaciwparuy,1.0
flurrybabykim,salsblx,1.0
fluffyyriki,schfess,1.0
fluffyflurri,neospasie,1.0
flssfp,helloyoon4,1.0
floreaaa_ft,schfess,1.0
floo_shr,its_me_yayaa,1.0
floerlilsuns,gapyearfess,1.0
fllwlees,sbmptnfess,1.0
fiyyrlsst,schfess,1.0
fixzyuu,sbmptnfess,1.0
fitraygaksih,schfess,1.0
fidwinaxx,emangcuek,1.0
fenori_,strawberiessky,1.0
feniifs,aangleaw,1.0
femkezhi,memeykarta,1.0
feelingpurplee,sbmptnfess,1.0
feeldone999,pockyaddictttt,1.0
feeeysa,schfess,1.0
fckinshtsboi,schfess,1.0
fckinloveyou,sbmptnfess,1.0
faziafc,bertanyarl,1.0
fauntalism,gumbearie,1.0
fattiebelly,maurienau,1.0
fathanfariza,sbmptnfess,1.0
forfuture06,akunambis21,1.0
forfuture06,gitasnowy,1.0
forfuture06,taufiqr823,1.0
fuwajournal,__ther3sa,1.0
ganeetavv,sbmptnfess,1.0
gamissorban,d1nosauruss,1.0
galvanicells,schfess,1.0
gaizkahaha,yukbisasemangat,1.0
gadis_azalia,schfess,1.0
gadinn_,rabiebz,1.0
gabysatidur,sbmptnfess,1.0
gabolehgagal,piikiiuu,1.0
gaaragtng,histologzy,1.0
fyoduor,utbkfess,1.0
fyoduor,subschfess,1.0
fylaworld,schfess,1.0
fvckmaths,smkfess,1.0
fujoshijati,schfess,1.0
forsilkstar,subschfess,1.0
ftrr_yy,sbmptnfess,1.0
ftievi,taeyongsfle,1.0
ftievi,sbmptnfess,1.0
ftievi,hjsl0ve,1.0
ftievi,avocadojaneshi_,1.0
fru1tty,convomf,1.0
frizzzzy,sbmptnfess,1.0
friedricelogy,pinginpunyaduit,1.0
friedricelogy,caramelleizz,1.0
frenchchuba,lananiole,1.0
fredrickbinsar,sbmptnfess,1.0
frecklixxx,bertanyarl,1.0
fortunegoogiez,convomf,1.0
halusinasiberat,schfess,1.0
han_1627,kyaaact,1.0
hanabpu,askrlfess,1.0
hopefullyperf,httpstudie,1.0
hourmoonrn,schfess,1.0
hotshinramyeon,sbmptnfess,1.0
hotiecutiee,subschfess,1.0
hotiecutiee,jzzxlyn,1.0
hoshucark,subschfess,1.0
hopefullyperf,your2rl,1.0
hopefullyperf,urielflames,1.0
hopefullyperf,troismotsvides,1.0
hopefullyperf,syifakyung,1.0
hopefullyperf,sygfess,1.0
hopefullyperf,swooryx,1.0
hopefullyperf,suholee1111,1.0
hopefullyperf,student_fess,1.0
hopefullyperf,skamletoy,1.0
hopefullyperf,sarprogress,1.0
hopefullyperf,renjungopay,1.0
hopefullyperf,ofeverythingg,1.0
hopefullyperf,oemjiasca,1.0
hopefullyperf,nomineuy,1.0
hopefullyperf,mhelmyahya,1.0
hopefullyperf,mayierreen,1.0
hopefullyperf,marsstdy,1.0
hopefullyperf,maisyaphnn,1.0
hopefullyperf,liviamaubelajar,1.0
hopefullyperf,larismanies,1.0
hopefullyperf,kwrdus,1.0
hopefullyperf,jeanartss,1.0
hopefullyperf,jcxyle,1.0
hopefullyperf,imgoingsollolo,1.0
houseskies,sadgurlzzz11,1.0
howboutcins,zenius_oliv,1.0
hramadaaan,schfess,1.0
igiboyaaah,convomf,1.0
imdoinothing,subschfess,1.0
ilynjdo,dinaraw4,1.0
ilvlayan,rantnyarara,1.0
iluvvstrawberry,kidcozygirlz,1.0
illusionnary,subschfess,1.0
illusionnary,schfess,1.0
ilhinsibibiybiy,schfess,1.0
ikarahmawati___,schfess,1.0
ikannncupang,elucuu,1.0
iirreplaceabl3,plsidunnowhoim,1.0
iightmiles,lagihbelajar,1.0
ignaciamelvina,erpan1827,1.0
igiboyeahh,sbmptnfess,1.0
icykeei,nishin0yayu,1.0
huffgryff,ayurls,1.0
ichinisanvier,subschfess,1.0
iceamericaan0,youthaddict48,1.0
ice_elzzaa,iunaticofeliz,1.0
icannn___,shabrinafg__,1.0
ibubaubiskuit,aimamamia,1.0
ibobm,ericxtbz,1.0
iamthelit_,bucincimolll,1.0
iamfishtime,subschfess,1.0
i_washuman,schfess,1.0
hyejesaaa,schfess,1.0
hujkwqe83dja,student_fess,1.0
huggybearys,raraakunambis,1.0
huffleloves,subschfess,1.0
hopefullyperf,i2jongu,1.0
hopefullyperf,giornogiiovanna,1.0
hangtyass,sbmptnfess,1.0
hopefullyperf,fkmsoon,1.0
hiiksoona,syifakyung,1.0
hii_ishxyyy,schfess,1.0
hi_andrii,schfess,1.0
heyhohii,gapyearfess,1.0
hermonieaddict,sabdaps,1.0
hemistudy,kk4mjong,1.0
helmiakbars,rraflid,1.0
helloelf_,schfess,1.0
hellianthusal,sbmptnfess,1.0
heksadiena,sbmptnfess,1.0
heepnoticc,heaveniki,1.0
hee_3000,subschfess,1.0
hechanbni,haechii_fullsun,1.0
heartlinecity,syifakyung,1.0
hayukyass,deyngambis,1.0
hayitanis,sbmptnfess,1.0
haurucastle,moonareas,1.0
hataraca,gistudees,1.0
haruvairy,yoshaurs,1.0
haruhachiko,stanmenfess,1.0
harugracee,schfess,1.0
haru_010410,nrlsaes,1.0
harmouren,sbmptnfess,1.0
haqueensa,balbalapasi,1.0
hapxbogummy,rafiabdulaziz_,1.0
hapekegigit,sbmptnfess,1.0
hanqyulgf,subschfess,1.0
hanjisss,schfess,1.0
hanifa_ep,sbmptnfess,1.0
hijiheon,juyeoqn,1.0
hijiheon,leejuyneo,1.0
hijiheon,soojain,1.0
honeylitdafire,blueyezyz,1.0
hopefullyperf,diterimafkui,1.0
hopefullyperf,convomf,1.0
hopefullyperf,cnswoo,1.0
hopefullyperf,classicaall,1.0
hopefullyperf,caxbin,1.0
hopefullyperf,busifess,1.0
hopefullyperf,bothroses,1.0
hopefullyperf,aurellovee,1.0
hopefullyperf,ambis_yukkk32,1.0
hopefullyperf,airplaneboost9,1.0
hopefullyperf,acahikun,1.0
hopefullyperf,__ther3sa,1.0
hopefullyperf,1r481n,1.0
honeycityx,bertanyarl,1.0
hijustcallwawa,notyourexxx_,1.0
honeyberryys,smkfess,1.0
homerunballcola,schfess,1.0
hoezxvirgo,denmanly,1.0
hobimakancanai,bertanyarl,1.0
hngrenjun__,tkmwe2wkcbytzlv,1.0
hjsl0ve,flowwlinn,1.0
hisspiyaya,subschfess,1.0
hisammula,schfess,1.0
hiresapps,prkdlx,1.0
hiraahero,itzjaraaa,1.0
hipokritx,schfess,1.0
hinumaaa,sabdaps,1.0
hilmiluthfi_,flammable__,1.0
zxcvopw,akutehbulan,1.0
